"id","deputat","tvo","winner","factions_text","party_name","anketa_data","proposed","prediction_150","year","convocation","previous","ever","anketa_url","fraction"
17999,"Кудлаєнко Сергій Володимирович",11,0,NA,"Безпартійний","народився 13 жовтня 1975 року, громадянин України, протягом останніх п’яти років проживає на території України, освіта вища, директор Департаменту адміністративних послуг, Вінницька міська рада, безпартійний, проживає в місті Вінниці, судимість відсутня, включений до виборчого списку під № 63.","самовисування",0.217161223292351,2019,8,TRUE,TRUE,"http://itd.rada.gov.ua/mps/info/page/17999","Член депутатської фракції ПАРТІЇ ""БЛОК ПЕТРА ПОРОШЕНКА"""
18150,"Юрчишин Петро Васильович",13,1,NA,"Безпартійний","народився 13 липня 1958 року в місті Антрацит Луганської області, громадянин України, протягом останніх п’яти років проживає на території України, освіта вища, директор, агропромислове науково-виробниче підприємство ""Візит"", безпартійний, проживає в місті Хмільник Вінницької області, судимість відсутня, самовисування.","самовисування",0.436067044734955,2019,8,TRUE,TRUE,"http://itd.rada.gov.ua/mps/info/page/18150","Член депутатської фракції ПАРТІЇ ""БЛОК ПЕТРА ПОРОШЕНКА"""
18137,"Спориш Іван Дмитрович",15,1,NA,"Безпартійний","народився 8 липня 1959 року в селі Комаргород Томашпільського району Вінницької області, громадянин України, протягом останніх п’яти років проживає на території України, освіта вища, керівник, ПСП ""Перемога"", безпартійний, проживає в селі Високе Томашпільського району Вінницької області, судимість відсутня, суб’єкт висування – ПАРТІЯ ""БЛОК ПЕТРА ПОРОШЕНКА"".","самовисування",0.245686247944832,2019,8,TRUE,TRUE,"http://itd.rada.gov.ua/mps/info/page/18137","Член депутатської фракції ПАРТІЇ ""БЛОК ПЕТРА ПОРОШЕНКА"""
18163,"Македон Юрій Миколайович",16,1,NA,"Безпартійний","народився 24 жовтня 1980 року в місті Могилів-Подільський Вінницької області, громадянин України, протягом останніх п’яти років проживає на території України, освіта вища, керівник, ТОВ ""Вікторія транспорт"", безпартійний, проживає в місті Могилів-Подільський Вінницької області, судимість відсутня, самовисування.","самовисування",0.677032232284546,2019,8,TRUE,TRUE,"http://itd.rada.gov.ua/mps/info/page/18163","Член депутатської фракції ПАРТІЇ ""БЛОК ПЕТРА ПОРОШЕНКА"""
18112,"Кучер Микола Іванович",17,1,NA,"Українська Народна Партія","народився 24 серпня 1959 року в селі Гордіївка Тростянецького району Вінницької області, громадянин України, протягом останніх п’яти років проживає на території України, освіта вища, директор Департаменту виробництва продукції рослинництва і тваринництва, ПАТ ""Миронівський хлібопродукт"", член Української Народної Партії, проживає в місті Ладижин Вінницької області, судимість відсутня, самовисування.","самовисування",0.427657246589661,2019,8,TRUE,TRUE,"http://itd.rada.gov.ua/mps/info/page/18112","Член депутатської фракції ПАРТІЇ ""БЛОК ПЕТРА ПОРОШЕНКА"""
18080,"Демчак Руслан Євгенійович",18,1,NA,"ПАРТІЯ ""БЛОК ПЕТРА ПОРОШЕНКА""","народився 5 липня 1974 року в смт Липовець Вінницької області, громадянин України, протягом останніх п’яти років проживає на території України, освіта вища, заступник голови ради, Об’єднання організацій роботодавців ""Федерація роботодавців міста Києва"", член ПАРТІЇ ""БЛОК ПЕТРА ПОРОШЕНКА"", проживає в місті Липовець Вінницької області, судимість відсутня, суб’єкт висування – ПАРТІЯ ""БЛОК ПЕТРА ПОРОШЕНКА"".","самовисування",0.415474504232407,2019,8,TRUE,TRUE,"http://itd.rada.gov.ua/mps/info/page/18080","Член депутатської фракції ПАРТІЇ ""БЛОК ПЕТРА ПОРОШЕНКА"""
14674,"Гузь Ігор Володимирович",19,1,NA,"Політична партія ""НАРОДНИЙ ФРОНТ""","народився 11 сiчня 1982 року в місті Луцьку Волинської області, громадянин України, протягом останніх п’яти років проживає на території України, освіта вища, заступник голови, Волинська обласна рада, член Політичної партії ""НАРОДНИЙ ФРОНТ"", проживає в місті Луцьку, судимість відсутня, суб’єкт висування – Політична партія ""НАРОДНИЙ ФРОНТ"".","самовисування",0.592951416969299,2019,8,TRUE,TRUE,"http://itd.rada.gov.ua/mps/info/page/14674","Член депутатської фракції Політичної партії ""НАРОДНИЙ ФРОНТ"""
15732,"Мартиняк Сергій Васильович",20,1,NA,"Безпартійний","народився 4 березня 1971 року в місті Луцьку Волинської області, громадянин України, протягом останніх п’яти років проживає на території України, освіта вища, народний депутат України, голова підкомітету з питань банківської діяльності Комітету Верховної Ради України з питань фінансів і банківської діяльності, безпартійний, проживає в селі Гаразджа Луцького району Волинської області, судимість відсутня, самовисування.","самовисування",0.732539176940918,2019,8,TRUE,TRUE,"http://itd.rada.gov.ua/mps/info/page/15732","Член депутатської групи ""Воля народу"""
15733,"Івахів Степан Петрович",21,1,NA,"Безпартійний","народився 24 сiчня 1968 року в селі Андріївка Буського району Львівської області, громадянин України, протягом останніх п’яти років проживає на території України, освіта вища, народний депутат України, безпартійний, проживає в селі Липини Луцького району Волинської області, судимість відсутня, самовисування.","самовисування",0.789432108402252,2019,8,TRUE,TRUE,"http://itd.rada.gov.ua/mps/info/page/15733","Заступник голови депутатської групи ""Воля народу"""
20103,"Констанкевич Ірина Мирославівна",23,1,NA,"ПОЛІТИЧНА ПАРТІЯ ""УКРАЇНСЬКЕ ОБ'ЄДНАННЯ ПАТРІОТІВ – УКРОП""","народилася 23 червня 1965 року в місті Львові, громадянка України, протягом останніх п’яти років проживає на території України, освіта вища, завідувач кафедри української літератури, Східноєвропейський національний університет імені Лесі Українки, заступник голови правління, благодійний фонд ""Фонд Ігоря Палиці ""Тільки разом"", член ПОЛІТИЧНОЇ ПАРТІЇ ""УКРАЇНСЬКЕ ОБ’ЄДНАННЯ ПАТРІОТІВ – УКРОП"", проживає в місті Луцьку, судимість відсутня, суб’єкт висування – ПОЛІТИЧНА ПАРТІЯ ""УКРАЇНСЬКЕ ОБ’ЄДНАННЯ ПАТРІОТІВ – УКРОП"".","самовисування",0.432355135679245,2019,8,TRUE,TRUE,"http://itd.rada.gov.ua/mps/info/page/20103",NA
17949,"Береза Юрій Миколайович",24,0,NA,"Безпартійний","народився 8 лютого 1970 року, громадянин України, протягом останніх п’яти років проживає на території України, освіта вища, командир, батальйон патрульної служби міліції особливого призначення ""Дніпро-1"" Головного управління Міністерства внутрішніх справ України у Дніпропетровській області, безпартійний, проживає в місті Дніпропетровську, судимість відсутня, включений до виборчого списку під № 10.","самовисування",0.453163146972656,2019,8,TRUE,TRUE,"http://itd.rada.gov.ua/mps/info/page/17949","Заступник голови депутатської фракції Політичної партії ""НАРОДНИЙ ФРОНТ"""
13646,"Курячий Максим Павлович",25,1,NA,"ПАРТІЯ ""БЛОК ПЕТРА ПОРОШЕНКА""","народився 8 листопада 1979 року в місті Павлоград Дніпропетровської області, громадянин України, протягом останніх п’яти років проживає на території України, освіта вища, фізична особа – підприємець, член ПАРТІЇ ""БЛОК ПЕТРА ПОРОШЕНКА"", проживає в місті Дніпропетровську, судимість відсутня, суб’єкт висування – ПАРТІЯ ""БЛОК ПЕТРА ПОРОШЕНКА"".","самовисування",0.779533326625824,2019,8,TRUE,TRUE,"http://itd.rada.gov.ua/mps/info/page/13646",NA
18110,"Куліченко Іван Іванович",28,0,NA,"Безпартійний","народився 7 липня 1955 року в місті Дніпропетровську, громадянин України, протягом останніх п’яти років проживає на території України, освіта вища, Дніпропетровський міський голова, безпартійний, проживає в місті Дніпропетровську, судимість відсутня, суб’єкт висування – ПАРТІЯ ""БЛОК ПЕТРА ПОРОШЕНКА"".","самовисування",0.437309265136719,2019,8,TRUE,TRUE,"http://itd.rada.gov.ua/mps/info/page/18110","Член депутатської фракції ПАРТІЇ ""БЛОК ПЕТРА ПОРОШЕНКА"""
18087,"Дубінін Олександр Іванович",30,0,NA,"Безпартійний","народився 16 травня 1959 року в місті Дніпродзержинськ Дніпропетровської області, громадянин України, протягом останніх п’яти років проживає на території України, освіта вища, голова правління, ПАТ ""ДНІПРОАЗОТ"", безпартійний, проживає в селищі Сонячне Запорізького району Запорізької області, судимість відсутня, суб’єкт висування – ПАРТІЯ ""БЛОК ПЕТРА ПОРОШЕНКА"".","самовисування",0.576047837734222,2019,8,TRUE,TRUE,"http://itd.rada.gov.ua/mps/info/page/18087",NA
15741,"Павлов Костянтин Юрійович",31,1,NA,"Безпартійний","народився 12 сiчня 1973 року в місті Кривий Ріг Дніпропетровської області, громадянин України, протягом останніх п’яти років проживає на території України, освіта вища, народний депутат України, безпартійний, проживає в місті Кривий Ріг Дніпропетровської області, судимість відсутня, самовисування.","самовисування",0.468912899494171,2019,8,TRUE,TRUE,"http://itd.rada.gov.ua/mps/info/page/15741","Член депутатської фракції Політичної партії ""Опозиційний блок"" у Верховній Раді України восьмого скликання"
18071,"Гальченко Андрій Володимирович",32,1,NA,"Безпартійний","народився 13 липня 1971 року в місті Кривий Ріг Дніпропетровської області, громадянин України, протягом останніх п’яти років проживає на території України, освіта вища, перший заступник Криворізького міського голови, безпартійний, проживає в місті Кривий Ріг Дніпропетровської області, судимість відсутня, самовисування.","самовисування",0.478142470121384,2019,8,TRUE,TRUE,"http://itd.rada.gov.ua/mps/info/page/18071","Член депутатської фракції Політичної партії ""Опозиційний блок"" у Верховній Раді України восьмого скликання"
18108,"Кришин Олег Юрійович",34,1,NA,"Безпартійний","народився 27 листопада 1967 року в місті Дніпропетровську, громадянин України, протягом останніх п’яти років проживає на території України, освіта вища, голова наглядової ради, ТОВ ""Вільногірське скло"", безпартійний, проживає в місті Дніпропетровську, судимість відсутня, самовисування.","самовисування",0.716630220413208,2019,8,TRUE,TRUE,"http://itd.rada.gov.ua/mps/info/page/18108","Член депутатської фракції Політичної партії ""НАРОДНИЙ ФРОНТ"""
5785,"Шипко Андрій Федорович",35,0,NA,"Безпартійний","народився 26 березня 1970 року в місті Дніпропетровську, громадянин України, протягом останніх п’яти років проживає на території України, освіта вища, народний депутат України, безпартійний, проживає в місті Нікополь Дніпропетровської області, судимість відсутня, самовисування.","самовисування",0.637971997261047,2019,8,TRUE,TRUE,"http://itd.rada.gov.ua/mps/info/page/5785","Член депутатської групи ""Партія ""Відродження"""
15744,"Мартовицький Артур Володимирович",36,0,NA,"Безпартійний","народився 16 червня 1964 року в місті Макіївка Донецької області, громадянин України, протягом останніх п’яти років проживає на території України, освіта вища, народний депутат України, безпартійний, проживає в місті Павлоград Дніпропетровської області, судимість відсутня, самовисування.","самовисування",0.657330334186554,2019,8,TRUE,TRUE,"http://itd.rada.gov.ua/mps/info/page/15744","Член депутатської фракції Політичної партії ""Опозиційний блок"" у Верховній Раді України восьмого скликання"
11096,"Шпенов Дмитро Юрійович",37,1,NA,"Безпартійний","народився 20 грудня 1978 року в місті Харкові, громадянин України, протягом останніх п’яти років проживає на території України, освіта вища, народний депутат України, заступник голови Комітету Верховної Ради України з питань верховенства права та правосуддя, безпартійний, проживає в місті Кривий Ріг Дніпропетровської області, судимість відсутня, самовисування.","самовисування",0.673990249633789,2019,8,TRUE,TRUE,"http://itd.rada.gov.ua/mps/info/page/11096","Член депутатської фракції Політичної партії ""Опозиційний блок"" у Верховній Раді України восьмого скликання"
18123,"Нестеренко Вадим Григорович",38,1,NA,"Безпартійний","народився 5 грудня 1970 року в місті Дніпропетровську, громадянин України, протягом останніх п’яти років проживає на території України, освіта вища, директор, ТОВ ""Орільський об’єднаний елеватор"", безпартійний, проживає в селі Миколаївка Новомосковського району Дніпропетровської області, судимість відсутня, самовисування.","самовисування",0.637971997261047,2019,8,TRUE,TRUE,"http://itd.rada.gov.ua/mps/info/page/18123","Член депутатської фракції ПАРТІЇ ""БЛОК ПЕТРА ПОРОШЕНКА"""
18039,"Мельничук Сергій Петрович",38,0,NA,"Безпартійний","народився 26 сiчня 1972 року, громадянин України, протягом останніх п’яти років проживає на території України, освіта вища, проходить військову службу за призовом під час мобілізації, командир, 24-й батальйон територіальної оборони ""Айдар"", безпартійний, проживає в місті Вінниці, судимість відсутня, включений до виборчого списку під № 3.","самовисування",0.424568951129913,2019,8,TRUE,TRUE,"http://itd.rada.gov.ua/mps/info/page/18039",NA
NA,"Гайворонський Анатолій Іванович",38,0,NA,NA,NA,"самовисування",0.133808329701424,2019,NA,FALSE,FALSE,NA,NA
18083,"Дідич Валентин Володимирович",40,0,NA,"Безпартійний","народився 11 жовтня 1957 року в селі Завадівка Володарського району Київської області, громадянин України, протягом останніх п’яти років проживає на території України, освіта вища, голова, Криничанська районна державна адміністрація, безпартійний, проживає в селі Чернече Криничанського району Дніпропетровської області, судимість відсутня, суб’єкт висування – ПАРТІЯ ""БЛОК ПЕТРА ПОРОШЕНКА"".","самовисування",0.654616594314575,2019,8,TRUE,TRUE,"http://itd.rada.gov.ua/mps/info/page/18083",NA
17953,"Матейченко Костянтин Володимирович",46,1,NA,"Політична партія ""НАРОДНИЙ ФРОНТ""","народився 17 грудня 1970 року, громадянин України, протягом останніх п’яти років проживає на території України, освіта вища, голова, Артемівська районна державна адміністрація, член Політичної партії ""НАРОДНИЙ ФРОНТ"", проживає в селі Покровське Артемівського району Донецької області, судимість відсутня, включений до виборчого списку під № 26.","самовисування",0.805234551429749,2019,8,TRUE,TRUE,"http://itd.rada.gov.ua/mps/info/page/17953","Член депутатської фракції Політичної партії ""НАРОДНИЙ ФРОНТ"""
18122,"Недава Олег Анатолійович",47,1,NA,"Безпартійний","народився 26 жовтня 1969 року в місті Макіївка Червоногвардійського району Донецької області, громадянин України, протягом останніх п’яти років проживає на території України, освіта вища, директор із зовнішньоекономічної діяльності, ТОВ ""Карпатибудінвест"", безпартійний, проживає в місті Єнакієве Донецької області, судимість відсутня, самовисування.","самовисування",0.776038765907288,2019,8,TRUE,TRUE,"http://itd.rada.gov.ua/mps/info/page/18122",NA
18090,"Єфімов Максим Вікторович",48,1,NA,"Безпартійний","народився 1 листопада 1974 року в місті Петропавловськ Північно-Казахстанської області, громадянин України, протягом останніх п’яти років проживає на території України, освіта вища, генеральний директор, ВАТ ""ЕМСС"", безпартійний, проживає в місті Краматорськ Донецької області, судимість відсутня, самовисування.","самовисування",0.8330078125,2019,8,TRUE,TRUE,"http://itd.rada.gov.ua/mps/info/page/18090","Член депутатської фракції ПАРТІЇ ""БЛОК ПЕТРА ПОРОШЕНКА"""
18133,"Сажко Сергій Миколайович",59,1,NA,"Безпартійний","народився 19 липня 1969 року в селі Ганнівка Мар’їнського району Донецької області, громадянин України, протягом останніх п’яти років проживає на території України, освіта вища, Курахівський міський голова, безпартійний, проживає в місті Курахове Мар’їнського району Донецької області, судимість відсутня, самовисування.","самовисування",0.776038765907288,2019,8,TRUE,TRUE,"http://itd.rada.gov.ua/mps/info/page/18133","Член депутатської фракції Політичної партії ""Опозиційний блок"" у Верховній Раді України восьмого скликання"
18116,"Лубінець Дмитро Валерійович",60,1,NA,"ПАРТІЯ ""БЛОК ПЕТРА ПОРОШЕНКА""","народився 4 липня 1981 року в місті Волноваха Донецької області, громадянин України, протягом останніх п’яти років проживає на території України, освіта вища, юрист, КФГ ""Практика"", член ПАРТІЇ ""БЛОК ПЕТРА ПОРОШЕНКА"", проживає в місті Волноваха Донецької області, судимість відсутня, суб’єкт висування – ПАРТІЯ ""БЛОК ПЕТРА ПОРОШЕНКА"".","самовисування",0.861005961894989,2019,8,TRUE,TRUE,"http://itd.rada.gov.ua/mps/info/page/18116",NA
18131,"Розенблат Борислав Соломонович",62,0,NA,"ПАРТІЯ ""БЛОК ПЕТРА ПОРОШЕНКА""","народився 25 травня 1969 року в місті Києві, громадянин України, протягом останніх п’яти років проживає на території України, освіта вища, заступник голови правління, ПрАТ ""Фаворит компані"", член ПАРТІЇ ""БЛОК ПЕТРА ПОРОШЕНКА"", проживає в місті Житомирі, судимість відсутня, суб’єкт висування – ПАРТІЯ ""БЛОК ПЕТРА ПОРОШЕНКА"".","самовисування",0.452597081661224,2019,8,TRUE,TRUE,"http://itd.rada.gov.ua/mps/info/page/18131",NA
18414,"Ревега Олександр Васильович",63,1,NA,"Безпартійний","народився 22 серпня 1966 року в селі Городківка Крижопільського району Вінницької області, громадянин України, протягом останніх п’яти років проживає на території України, освіта вища, директор, ТОВ ""ОРавтобуд"", безпартійний, проживає в смт Гришківці Бердичівського району Житомирської області, судимість відсутня, самовисування.","самовисування",0.500106990337372,2019,8,TRUE,TRUE,"http://itd.rada.gov.ua/mps/info/page/18414","Член депутатської фракції ПАРТІЇ ""БЛОК ПЕТРА ПОРОШЕНКА"""
18058,"Арешонков Володимир Юрійович",64,1,NA,"ПАРТІЯ ""БЛОК ПЕТРА ПОРОШЕНКА""","народився 17 грудня 1957 року в місті Коростень Житомирської області, громадянин України, протягом останніх п’яти років проживає на території України, освіта вища, перший заступник голови, Житомирська обласна рада, член ПАРТІЇ ""БЛОК ПЕТРА ПОРОШЕНКА"", проживає в місті Коростень Житомирської області, судимість відсутня, суб’єкт висування – ПАРТІЯ ""БЛОК ПЕТРА ПОРОШЕНКА"".","самовисування",0.42849737405777,2019,8,TRUE,TRUE,"http://itd.rada.gov.ua/mps/info/page/18058","Член депутатської фракції ПАРТІЇ ""БЛОК ПЕТРА ПОРОШЕНКА"""
8696,"Пашинський Сергій Володимирович",64,0,NA,"Політична партія ""НАРОДНИЙ ФРОНТ""","народився 14 жовтня 1966 року, громадянин України, протягом останніх п’яти років проживає на території України, освіта вища, народний депутат України, член Політичної партії ""НАРОДНИЙ ФРОНТ"", проживає в місті Києві, судимість відсутня, включений до виборчого списку під № 12.","самовисування",0.319940984249115,2019,8,TRUE,TRUE,"http://itd.rada.gov.ua/mps/info/page/8696","Заступник голови депутатської фракції Політичної партії ""НАРОДНИЙ ФРОНТ"""
5470,"Литвин Володимир Михайлович",65,0,NA,"Народна Партія","народився 28 квiтня 1956 року в селі Слобода Романівська Новоград-Волинського району Житомирської області, громадянин України, протягом останніх п’яти років проживає на території України, освіта вища, народний депутат України, голова Комітету Верховної Ради України з питань національної безпеки і оборони, член Народної Партії, проживає в місті Києві, судимість відсутня, самовисування.","самовисування",0.361967980861664,2019,8,TRUE,TRUE,"http://itd.rada.gov.ua/mps/info/page/5470",NA
18082,"Дзюблик Павло Володимирович",66,1,NA,"Безпартійний","народився 18 вересня 1979 року в смт Черняхів Житомирської області, громадянин України, протягом останніх п’яти років проживає на території України, освіта вища, голова, Черняхівська районна державна адміністрація, безпартійний, проживає в смт Черняхів Житомирської області, судимість відсутня, суб’єкт висування – Політична партія ""НАРОДНИЙ ФРОНТ"".","самовисування",0.613179981708527,2019,8,TRUE,TRUE,"http://itd.rada.gov.ua/mps/info/page/18082","Член депутатської фракції Політичної партії ""НАРОДНИЙ ФРОНТ"""
2308,"Развадовський Віктор Йосипович",67,0,NA,"Безпартійний","народився 3 червня 1959 року в смт Дзержинськ Житомирської області, громадянин України, протягом останніх п’яти років проживає на території України, освіта вища, народний депутат України, безпартійний, проживає в місті Києві, судимість відсутня, самовисування.","самовисування",0.349597454071045,2019,8,TRUE,TRUE,"http://itd.rada.gov.ua/mps/info/page/2308","Член депутатської групи ""Партія ""Відродження"""
18075,"Горват Роберт Іванович",68,1,NA,"Безпартійний","народився 17 лютого 1969 року в селі Тур'ї Ремети Перечинського району Закарпатської області, громадянин України, протягом останніх п’яти років проживає на території України, освіта вища, генеральний директор, ТОВ ""Нова справа Ужгород"", директор, ТОВ ""А.В.П."", директор, ТОВ ""Дастор-Ужгород"", безпартійний, проживає в селі Тур'ї Ремети Перечинського району Закарпатської області, судимість відсутня, суб’єкт висування – ПАРТІЯ ""БЛОК ПЕТРА ПОРОШЕНКА"".","самовисування",0.883421838283539,2019,8,TRUE,TRUE,"http://itd.rada.gov.ua/mps/info/page/18075","Член депутатської фракції ПАРТІЇ ""БЛОК ПЕТРА ПОРОШЕНКА"""
18218,"Чижмарь Юрій Васильович",68,0,NA,"Безпартійний","народився 27 жовтня 1974 року, громадянин України, протягом останніх п’яти років проживає на території України, освіта вища, адвокат, безпартійний, проживає в місті Києві, судимість відсутня, включений до виборчого списку під № 25.","самовисування",0.683189988136292,2019,8,TRUE,TRUE,"http://itd.rada.gov.ua/mps/info/page/18218","Член депутатської фракції Радикальної партії Олега Ляшка"
15662,"Лунченко Валерій Валерійович",71,0,NA,"Політична партія ""НАРОДНИЙ ФРОНТ""","народився 13 жовтня 1982 року, громадянин України, протягом останніх п’яти років проживає на території України, освіта вища, народний депутат України, член Політичної партії ""НАРОДНИЙ ФРОНТ"", проживає в місті Хуст Закарпатської області, судимість відсутня, включений до виборчого списку під № 19.","самовисування",0.673183560371399,2019,8,TRUE,TRUE,"http://itd.rada.gov.ua/mps/info/page/15662","Член депутатської фракції Політичної партії ""НАРОДНИЙ ФРОНТ"""
11131,"Петьовка Василь Васильович",72,1,NA,"Політична партія Єдиний Центр","народився 30 сiчня 1967 року в селі Завидово Мукачівського району Закарпатської області, громадянин України, протягом останніх п’яти років проживає на території України, освіта вища, народний депутат України, член політичної партії Єдиний Центр, проживає в місті Мукачеве Закарпатської області, судимість відсутня, самовисування.","самовисування",0.868420958518982,2019,8,TRUE,TRUE,"http://itd.rada.gov.ua/mps/info/page/11131","Член депутатської групи ""Воля народу"""
17998,"Брензович Василь Іванович",73,1,NA,"Безпартійний","народився 25 квiтня 1964 року, громадянин України, протягом останніх п’яти років проживає на території України, освіта вища, перший заступник голови, Закарпатська обласна рада, безпартійний, проживає в селі Запсонь Берегівського району Закарпатської області, судимість відсутня, включений до виборчого списку під № 62.","самовисування",0.829871654510498,2019,8,TRUE,TRUE,"http://itd.rada.gov.ua/mps/info/page/17998","Член депутатської фракції ПАРТІЇ ""БЛОК ПЕТРА ПОРОШЕНКА"""
5582,"Сабашук Петро Павлович",74,1,NA,"Безпартійний","народився 13 липня 1957 року в селі Селище Літинського району Вінницької області, громадянин України, протягом останніх п’яти років проживає на території України, освіта вища, генеральний директор, ПАТ ""Рассвет"", безпартійний, проживає в місті Запоріжжі, судимість відсутня, суб’єкт висування – ПАРТІЯ ""БЛОК ПЕТРА ПОРОШЕНКА"".","самовисування",0.789928793907166,2019,8,TRUE,TRUE,"http://itd.rada.gov.ua/mps/info/page/5582","Член депутатської фракції ПАРТІЇ ""БЛОК ПЕТРА ПОРОШЕНКА"""
8725,"Богуслаєв Вячеслав Олександрович",77,0,NA,"Безпартійний","народився 28 жовтня 1938 року в місті Уральськ, Казахстан, громадянин України, протягом останніх п’яти років проживає на території України, освіта вища, народний депутат України, безпартійний, проживає в селищі Сонячне Запорізького району Запорізької області, судимість відсутня, самовисування.","самовисування",0.725054264068604,2019,8,TRUE,TRUE,"http://itd.rada.gov.ua/mps/info/page/8725","Член депутатської групи ""Воля народу"""
15762,"Балицький Євген Віталійович",80,0,NA,"Безпартійний","народився 10 грудня 1969 року в місті Мелітополь Запорізької області, громадянин України, протягом останніх п’яти років проживає на території України, освіта вища, народний депутат України, безпартійний, проживає в місті Мелітополь Запорізької області, судимість відсутня, самовисування.","самовисування",0.686099708080292,2019,8,TRUE,TRUE,"http://itd.rada.gov.ua/mps/info/page/15762","Член депутатської фракції Політичної партії ""Опозиційний блок"" у Верховній Раді України восьмого скликання"
18107,"Кривохатько Вадим Вікторович",82,1,NA,"Безпартійний","народився 7 сiчня 1962 року в селі Катеринівка Щорського району Дніпропетровської області, громадянин України, протягом останніх п’яти років проживає на території України, освіта вища, старший юрист, фермерське господарство ""Кривохатько В.В."", директор, ТОВ ""Райцентр"", безпартійний, проживає в селищі Кам’яне Вільнянського району Запорізької області, судимість відсутня, суб’єкт висування – ПАРТІЯ ""БЛОК ПЕТРА ПОРОШЕНКА"".","самовисування",0.799671590328217,2019,8,TRUE,TRUE,"http://itd.rada.gov.ua/mps/info/page/18107",NA
17650,"Шевченко Олександр Леонідович",83,1,NA,"Безпартійний","народився 8 квiтня 1971 року в місті Коломия Івано-Франківської області, громадянин України, протягом останніх п’яти років проживає на території України, освіта вища, народний депутат України, безпартійний, проживає в селі Поляниця міста Яремче Івано-Франківської області, судимість відсутня, суб’єкт висування – ПАРТІЯ ""БЛОК ПЕТРА ПОРОШЕНКА"".","самовисування",0.762937664985657,2019,8,TRUE,TRUE,"http://itd.rada.gov.ua/mps/info/page/17650",NA
20104,"Шевченко Віктор Леонідович",85,1,NA,"ПОЛІТИЧНА ПАРТІЯ ""УКРАЇНСЬКЕ ОБ'ЄДНАННЯ ПАТРІОТІВ – УКРОП""","народився 4 грудня 1980 року в місті Коломия Івано-Франківської області, громадянин України, протягом останніх п’яти років проживає на території України, освіта вища, директор, ТОВ ""Бугіль"", член ПОЛІТИЧНОЇ ПАРТІЇ ""УКРАЇНСЬКЕ ОБ’ЄДНАННЯ ПАТРІОТІВ – УКРОП"", проживає в місті Івано-Франківську, судимість відсутня, суб’єкт висування – ПОЛІТИЧНА ПАРТІЯ ""УКРАЇНСЬКЕ ОБ’ЄДНАННЯ ПАТРІОТІВ – УКРОП"".","самовисування",0.561473786830902,2019,8,TRUE,TRUE,"http://itd.rada.gov.ua/mps/info/page/20104",NA
2370,"Насалик Ігор Степанович",85,0,NA,"Безпартійний","народився 25 листопада 1962 року в місті Олександрія Кіровоградська області, громадянин України, протягом останніх п’яти років проживає на території України, освіта вища, Калуський міський голова, безпартійний, проживає в місті Києві, судимість відсутня, суб’єкт висування – ПАРТІЯ ""БЛОК ПЕТРА ПОРОШЕНКА"".","самовисування",0.420433938503265,2019,8,TRUE,TRUE,"http://itd.rada.gov.ua/mps/info/page/2370",NA
15767,"Дирів Анатолій Борисович",86,1,NA,"Політична партія ""НАРОДНИЙ ФРОНТ""","народився 1 лютого 1970 року в селищі Брошнів Рожнятівського району Івано-Франківської області, громадянин України, протягом останніх п’яти років проживає на території України, освіта вища, народний депутат України, член Політичної партії ""НАРОДНИЙ ФРОНТ"", проживає в смт Брошнів-Осада Рожнятівського району Івано-Франківської області, судимість відсутня, суб’єкт висування – Політична партія ""НАРОДНИЙ ФРОНТ"".","самовисування",0.762937664985657,2019,8,TRUE,TRUE,"http://itd.rada.gov.ua/mps/info/page/15767","Член депутатської фракції Політичної партії ""НАРОДНИЙ ФРОНТ"""
15654,"Іванчук Андрій Володимирович",88,1,NA,"Політична партія ""НАРОДНИЙ ФРОНТ""","народився 16 червня 1973 року, громадянин України, протягом останніх п’яти років проживає на території України, освіта вища, народний депутат України, голова Комітету Верховної Ради України з питань економічної політики, член Політичної партії ""НАРОДНИЙ ФРОНТ"", проживає в селі Іванковичі Васильківського району Київської області, судимість відсутня, включений до виборчого списку під № 16.","самовисування",0.624460458755493,2019,8,TRUE,TRUE,"http://itd.rada.gov.ua/mps/info/page/15654","Заступник голови депутатської фракції Політичної партії ""НАРОДНИЙ ФРОНТ"""
18141,"Тимошенко Юрій Володимирович",88,0,NA,"Безпартійний","народився 3 квiтня 1961 року в селі Дивне Апанасенковського району Ставропольського краю, громадянин України, протягом останніх п’яти років проживає на території України, освіта загальна середня, тимчасово не працює, безпартійний, проживає в місті Коломия Івано-Франківської області, судимість відсутня, суб’єкт висування – Політична партія ""НАРОДНИЙ ФРОНТ"".","самовисування",0.326749950647354,2019,8,TRUE,TRUE,"http://itd.rada.gov.ua/mps/info/page/18141",NA
15769,"Сольвар Руслан Миколайович",91,1,NA,"Безпартійний","народився 12 травня 1971 року в смт Піщанка Вінницької області, громадянин України, протягом останніх п’яти років проживає на території України, освіта вища, народний депутат України, безпартійний, проживає в місті Фастів Київської області, судимість відсутня, суб’єкт висування – ПАРТІЯ ""БЛОК ПЕТРА ПОРОШЕНКА"".","самовисування",0.864038169384003,2019,8,TRUE,TRUE,"http://itd.rada.gov.ua/mps/info/page/15769","Член депутатської фракції ПАРТІЇ ""БЛОК ПЕТРА ПОРОШЕНКА"""
18077,"Гудзенко Віталій Іванович",92,1,NA,"Безпартійний","народився 15 липня 1971 року в селі Іванівка Білоцерківського району Київської області, громадянин України, протягом останніх п’яти років проживає на території України, освіта вища, голова правління, ТОВ ""Фермерський комплекс ""Агро-Лідер-Україна"", безпартійний, проживає в селі Іванівка Білоцерківського району Київської області, судимість відсутня, суб’єкт висування – ПАРТІЯ ""БЛОК ПЕТРА ПОРОШЕНКА"".","самовисування",0.864038169384003,2019,8,TRUE,TRUE,"http://itd.rada.gov.ua/mps/info/page/18077","Член депутатської фракції ПАРТІЇ ""БЛОК ПЕТРА ПОРОШЕНКА"""
17974,"Мамчур Юлій Валерійович",93,1,NA,"Безпартійний","народився 15 серпня 1971 року, громадянин України, протягом останніх п’яти років проживає на території України, освіта вища, командир, військова частина, безпартійний, проживає в місті Миколаєві, судимість відсутня, включений до виборчого списку під № 6.","самовисування",0.76437920331955,2019,8,TRUE,TRUE,"http://itd.rada.gov.ua/mps/info/page/17974","Член депутатської фракції ПАРТІЇ ""БЛОК ПЕТРА ПОРОШЕНКА"""
15901,"Кривошея Геннадій Григорович",93,0,NA,"Політична партія ""НАРОДНИЙ ФРОНТ""","народився 2 липня 1977 року, громадянин України, протягом останніх п’яти років проживає на території України, освіта вища, тимчасово не працює, член Політичної партії ""НАРОДНИЙ ФРОНТ"", проживає в місті Києві, судимість відсутня, включений до виборчого списку під № 69.","самовисування",0.750808775424957,2019,8,TRUE,TRUE,"http://itd.rada.gov.ua/mps/info/page/15901","Член депутатської фракції Політичної партії ""НАРОДНИЙ ФРОНТ"""
18132,"Романюк Віктор Миколайович",94,1,NA,"Політична партія ""НАРОДНИЙ ФРОНТ""","народився 28 серпня 1975 року в селі Зірне Березнівського району Рівненської області, громадянин України, протягом останніх п’яти років проживає на території України, освіта вища, адвокат, член Політичної партії ""НАРОДНИЙ ФРОНТ"", проживає в місті Васильків Київської області, судимість відсутня, суб’єкт висування – Політична партія ""НАРОДНИЙ ФРОНТ"".","самовисування",0.811291396617889,2019,8,TRUE,TRUE,"http://itd.rada.gov.ua/mps/info/page/18132","Член депутатської фракції Політичної партії ""НАРОДНИЙ ФРОНТ"""
17981,"Кононенко Ігор Віталійович",94,0,NA,"ПАРТІЯ ""БЛОК ПЕТРА ПОРОШЕНКА""","народився 21 серпня 1965 року, громадянин України, протягом останніх п’яти років проживає на території України, освіта вища, голова спостережної ради, ВАТ СК ""Країна"", голова наглядової ради, ПАТ ""ЗНКІФ ""ВІК"", член ПАРТІЇ ""БЛОК ПЕТРА ПОРОШЕНКА"", проживає в місті Києві, судимість відсутня, включений до виборчого списку під № 29.","самовисування",0.810578346252441,2019,8,TRUE,TRUE,"http://itd.rada.gov.ua/mps/info/page/17981",NA
18045,"Мосійчук Ігор Володимирович",94,0,NA,"Фракція Радикальної партії Олега Ляшка","народився 5 травня 1972 року, громадянин України, протягом останніх п’яти років проживає на території України, освіта загальна середня, керівник, Центр інформаційної та соціальної правової підтримки учасників АТО, член Радикальної Партії Олега Ляшка, проживає в місті Васильків Київської області, судимість відсутня, включений до виборчого списку під № 9.","самовисування",0.76437920331955,2019,8,TRUE,TRUE,"http://itd.rada.gov.ua/mps/info/page/18045","Член депутатської фракції Радикальної партії Олега Ляшка"
18070,"Гаврилюк Михайло Віталійович",95,1,NA,"Безпартійний","народився 15 серпня 1979 року в селі Ярівка Хотинського району Чернівецької області, громадянин України, протягом останніх п’яти років проживає на території України, освіта загальна середня, міліціонер, батальйон патрульної служби міліції особливого призначення ""Золоті Ворота"", безпартійний, проживає в селі Ярівка Хотинського району Чернівецької області, судимість відсутня, суб’єкт висування – Політична партія ""НАРОДНИЙ ФРОНТ"".","самовисування",0.882234275341034,2019,8,TRUE,TRUE,"http://itd.rada.gov.ua/mps/info/page/18070","Член депутатської фракції Політичної партії ""НАРОДНИЙ ФРОНТ"""
19058,"Немировський Андрій Валентинович",95,0,NA,"Безпартійний","народився 23 вересня 1983 року, громадянин України, протягом останніх п’яти років проживає на території України, освіта вища, експерт з мототранспорту, ПП ""Мостова"", безпартійний, проживає в місті Дніпропетровську, судимість відсутня, включений до виборчого списку під № 33.","самовисування",0.71097195148468,2019,8,TRUE,TRUE,"http://itd.rada.gov.ua/mps/info/page/19058","Член депутатської фракції ПАРТІЇ ""БЛОК ПЕТРА ПОРОШЕНКА"""
15773,"Москаленко Ярослав Миколайович",96,1,NA,"Безпартійний","народився 28 квiтня 1975 року в селі Лютіж Вишгородського району Київської області, громадянин України, протягом останніх п’яти років проживає на території України, освіта вища, народний депутат України, заступник голови Комітету Верховної Ради України з питань економічної політики, безпартійний, проживає в селі Лютіж Вишгородського району Київської області, судимість відсутня, самовисування.","самовисування",0.811291396617889,2019,8,TRUE,TRUE,"http://itd.rada.gov.ua/mps/info/page/15773","Голова депутатської групи ""Воля народу"""
8827,"Міщенко Сергій Григорович",98,1,NA,"Безпартійний","народився 13 серпня 1971 року в місті Бориспіль Київської області, громадянин України, протягом останніх п’яти років проживає на території України, освіта вища, народний депутат України, безпартійний, проживає в місті Києві, судимість відсутня, самовисування.","самовисування",0.864038169384003,2019,8,TRUE,TRUE,"http://itd.rada.gov.ua/mps/info/page/8827",NA
17962,"Горбунов Олександр Володимирович",99,0,NA,"Політична партія ""НАРОДНИЙ ФРОНТ""","народився 13 лютого 1969 року, громадянин України, протягом останніх п’яти років проживає на території України, освіта вища, комерційний директор, ТОВ ФІРМА ""СД ЛТД"", член Політичної партії ""НАРОДНИЙ ФРОНТ"", проживає в місті Кіровограді, судимість відсутня, включений до виборчого списку під № 41.","самовисування",0.821977138519287,2019,8,TRUE,TRUE,"http://itd.rada.gov.ua/mps/info/page/17962","Член депутатської фракції Політичної партії ""НАРОДНИЙ ФРОНТ"""
18152,"Яриніч Костянтин Володимирович",99,0,NA,"ПАРТІЯ ""БЛОК ПЕТРА ПОРОШЕНКА""","народився 10 вересня 1970 року в місті Кіровограді, громадянин України, протягом останніх п’яти років проживає на території України, освіта вища, головний лікар, Кіровоградський обласний онкологічний диспансер, член ПАРТІЇ ""БЛОК ПЕТРА ПОРОШЕНКА"", проживає в місті Кіровограді, судимість відсутня, суб’єкт висування – ПАРТІЯ ""БЛОК ПЕТРА ПОРОШЕНКА"".","самовисування",0.757546424865723,2019,8,TRUE,TRUE,"http://itd.rada.gov.ua/mps/info/page/18152","Член депутатської фракції ПАРТІЇ ""БЛОК ПЕТРА ПОРОШЕНКА"""
14393,"Березкін Станіслав Семенович",100,0,NA,"Безпартійний","народився 12 травня 1959 року в селі Високі Байраки Кіровоградського району Кіровоградської області, громадянин України, протягом останніх п’яти років проживає на території України, освіта вища, народний депутат України, безпартійний, проживає в місті Кіровограді, судимість відсутня, самовисування.","самовисування",0.823554456233978,2019,8,TRUE,TRUE,"http://itd.rada.gov.ua/mps/info/page/14393","Член депутатської групи ""Партія ""Відродження"""
17960,"Поляков Максим Анатолійович",101,1,NA,"Політична партія ""НАРОДНИЙ ФРОНТ""","народився 23 квiтня 1982 року, громадянин України, протягом останніх п’яти років проживає на території України, освіта вища, тимчасово виконуючий обов’язки Голови, Національна комісія, що здійснює державне регулювання у сфері ринків фінансових послуг, член Політичної партії ""НАРОДНИЙ ФРОНТ"", проживає в місті Умань Черкаської області, судимість відсутня, включений до виборчого списку під № 39.","самовисування",0.87727564573288,2019,8,TRUE,TRUE,"http://itd.rada.gov.ua/mps/info/page/17960","Член депутатської фракції Політичної партії ""НАРОДНИЙ ФРОНТ"""
18086,"Довгий Олесь Станіславович",102,1,NA,"Безпартійний","народився 1 листопада 1980 року в місті Києві, громадянин України, протягом останніх п’яти років проживає на території України, освіта вища, тимчасово не працює, безпартійний, проживає в місті Києві, судимість відсутня, самовисування.","самовисування",0.935725331306458,2019,8,TRUE,TRUE,"http://itd.rada.gov.ua/mps/info/page/18086","Член депутатської групи ""Воля народу"""
18053,"Рибалка Сергій Вікторович",107,1,NA,"Безпартійний","народився 22 липня 1978 року, громадянин України, протягом останніх п’яти років проживає на території України, освіта вища, радник генерального директора з юридичних питань, ТОВ ""СНЕК ЕКСПОРТ"", безпартійний, проживає в місті Києві, судимість відсутня, включений до виборчого списку під № 22.","самовисування",0.848526954650879,2019,8,TRUE,TRUE,"http://itd.rada.gov.ua/mps/info/page/18053","Член депутатської фракції Радикальної партії Олега Ляшка"
8803,"Курило Віталій Семенович",113,1,NA,"Безпартійний","народився 2 лютого 1957 року в селищі Білокуракине Білокуракинського району Луганської області, громадянин України, протягом останніх п’яти років проживає на території України, освіта вища, ректор, Луганський національний університет імені Тараса Шевченка, безпартійний, проживає в місті Луганську, судимість відсутня, самовисування.","самовисування",0.638402342796326,2019,8,TRUE,TRUE,"http://itd.rada.gov.ua/mps/info/page/8803","Член депутатської фракції ПАРТІЇ ""БЛОК ПЕТРА ПОРОШЕНКА"""
15778,"Струк Володимир Олексійович",113,0,NA,"Самовисування","освіта вища,<br>Ювілейний селищний голова,<br>безпартійний,<br>проживає в смт Ювілейне міста Луганська,<br>судимість відсутня,<br>самовисування.","самовисування",0.125338271260262,2019,7,FALSE,TRUE,"http://itd.rada.gov.ua/mps/info/expage/15778/8",NA
20106,"Шахов Сергій Володимирович",114,1,NA,"Політична партія ""Наш край""","народився 7 травня 1975 року в селищі Саяк міста Балхаш Джезказганської області, Казахстан, громадянин України, протягом останніх п’яти років проживає на території України, освіта вища, директор, ТОВ ""Шахов Сергій Володимирович"", член Політичної партії ""Наш край"", проживає в місті Кадіївка Луганської області, судимість відсутня, суб’єкт висування – Політична партія ""Наш край"".","самовисування",0.753851175308228,2019,8,TRUE,TRUE,"http://itd.rada.gov.ua/mps/info/page/20106","Член депутатської групи ""Воля народу"""
15785,"Хміль Михайло Михайлович",115,1,NA,"Політична партія ""НАРОДНИЙ ФРОНТ""","народився 11 травня 1973 року, громадянин України, протягом останніх п’яти років проживає на території України, освіта вища, народний депутат України, голова підкомітету Комітету Верховної Ради України з питань соціальної політики, член Політичної партії ""НАРОДНИЙ ФРОНТ"", проживає в місті Львові, судимість відсутня, включений до виборчого списку під № 42.","самовисування",0.671432197093964,2019,8,TRUE,TRUE,"http://itd.rada.gov.ua/mps/info/page/15785","Член депутатської фракції Політичної партії ""НАРОДНИЙ ФРОНТ"""
18149,"Юринець Оксана Василівна",117,1,NA,"Безпартійний","народилася 27 лютого 1978 року в селі Коти Яворівського району Львівської області, громадянка України, протягом останніх п’яти років проживає на території України, освіта вища, фізична особа – підприємець, доцент, Національний університет ""Львівська політехніка"", безпартійнa, проживає в селі Підбірці Пустомитівського району Львівської області, судимість відсутня, суб’єкт висування – ПАРТІЯ ""БЛОК ПЕТРА ПОРОШЕНКА"".","самовисування",0.729071795940399,2019,8,TRUE,TRUE,"http://itd.rada.gov.ua/mps/info/page/18149","Член депутатської фракції ПАРТІЇ ""БЛОК ПЕТРА ПОРОШЕНКА"""
18088,"Дубневич Богдан Васильович",118,1,NA,"Безпартійний","народився 10 травня 1962 року в селі Зубра Пустомитівського району Львівської області, громадянин України, протягом останніх п’яти років проживає на території України, освіта вища, президент, ТОВ ""АПП ""Львівське"", безпартійний, проживає в селі Зубра Пустомитівського району Львівської області, судимість відсутня, суб’єкт висування – ПАРТІЯ ""БЛОК ПЕТРА ПОРОШЕНКА"".","самовисування",0.562322318553925,2019,8,TRUE,TRUE,"http://itd.rada.gov.ua/mps/info/page/18088","Член депутатської фракції ПАРТІЇ ""БЛОК ПЕТРА ПОРОШЕНКА"""
15790,"Дубневич Ярослав Васильович",120,1,NA,"Безпартійний","народився 7 серпня 1969 року в селі Зубра Пустомитівського району Львівської області, громадянин України, протягом останніх п’яти років проживає на території України, освіта вища, народний депутат України, безпартійний, проживає в місті Львові, судимість відсутня, суб’єкт висування – ПАРТІЯ ""БЛОК ПЕТРА ПОРОШЕНКА"".","самовисування",0.799601197242737,2019,8,TRUE,TRUE,"http://itd.rada.gov.ua/mps/info/page/15790","Член депутатської фракції ПАРТІЇ ""БЛОК ПЕТРА ПОРОШЕНКА"""
14241,"Ілик Роман Романович",121,0,NA,"Політична партія Всеукраїнське об'єднання ""Батьківщина""","освіта вища,<br>помічник-консультант народного депутата України,<br>член політичної партії Всеукраїнське об’єднання ""Батьківщина"",<br>проживає в місті Дрогобич Львівської області,<br>судимість відсутня,<br>суб’єкт висування – політична партія Всеукраїнське об’єднання ""Батьківщина"".","самовисування",0.15306656062603,2019,7,FALSE,TRUE,"http://itd.rada.gov.ua/mps/info/expage/14241/8",NA
18063,"Батенко Тарас Іванович",123,1,NA,"ПАРТІЯ ""БЛОК ПЕТРА ПОРОШЕНКА""","народився 20 червня 1974 року в місті Львові, громадянин України, протягом останніх п’яти років проживає на території України, освіта вища, директор філії ""Магістральні нафтопроводи ""Дружба"", ПАТ ""Укртранснафта"", член ПАРТІЇ ""БЛОК ПЕТРА ПОРОШЕНКА"", проживає в місті Львові, судимість відсутня, суб’єкт висування – ПАРТІЯ ""БЛОК ПЕТРА ПОРОШЕНКА"".","самовисування",0.751497864723206,2019,8,TRUE,TRUE,"http://itd.rada.gov.ua/mps/info/page/18063",NA
1908,"Семерак Остап Михайлович",124,1,NA,"Політична партія ""НАРОДНИЙ ФРОНТ""","народився 27 червня 1972 року, громадянин України, протягом останніх п’яти років проживає на території України, освіта вища, Міністр Кабінету Міністрів України, член Політичної партії ""НАРОДНИЙ ФРОНТ"", проживає в місті Києві, судимість відсутня, включений до виборчого списку під № 33.","самовисування",0.625753343105316,2019,8,TRUE,TRUE,"http://itd.rada.gov.ua/mps/info/page/1908",NA
15714,"Махніцький Олег Ігорович",124,0,NA,"Політична партія Всеукраїнське об'єднання ""Свобода""","освіта вища,<br>віце-президент,<br>адвокатське об’єднання ""Валько і Махніцький"",<br>член політичної партії Всеукраїнське об’єднання ""Свобода"",<br>проживає в місті Львові,<br>судимість відсутня,<br>включений до виборчого списку під № 21.","самовисування",0.168692648410797,2019,7,FALSE,TRUE,"http://itd.rada.gov.ua/mps/info/expage/15714/8",NA
8815,"Лопушанський Андрій Ярославович",125,1,NA,"Політична партія Конгрес Українських Націоналістів","народився 4 грудня 1962 року в місті Добромиль Львівської області, громадянин України, протягом останніх п’яти років проживає на території України, освіта вища, тимчасово не працює, член політичної партії Конгрес Українських Націоналістів, проживає в місті Києві, судимість відсутня, самовисування.","самовисування",0.512746334075928,2019,8,TRUE,TRUE,"http://itd.rada.gov.ua/mps/info/page/8815","Член депутатської фракції ПАРТІЇ ""БЛОК ПЕТРА ПОРОШЕНКА"""
18094,"Кіт Андрій Богданович",126,1,NA,"Безпартійний","народився 2 листопада 1971 року в місті Львові, громадянин України, протягом останніх п’яти років проживає на території України, освіта вища, заступник директора, ТОВ ""Млин Агро"", заступник директора, ТОВ ""Підгірці"", заступник директора, ПП ""Агрофірма ""Лугове"", заступник директора, ТОВ ""Буське сорто-насінницьке підприємство"", безпартійний, проживає в селі Ясенівці Золочівського району Львівської області, судимість відсутня, суб’єкт висування – ПАРТІЯ ""БЛОК ПЕТРА ПОРОШЕНКА"".","самовисування",0.805979549884796,2019,8,TRUE,TRUE,"http://itd.rada.gov.ua/mps/info/page/18094","Член депутатської фракції ПАРТІЇ ""БЛОК ПЕТРА ПОРОШЕНКА"""
18095,"Козир Борис Юрійович",127,0,NA,"ПАРТІЯ ""БЛОК ПЕТРА ПОРОШЕНКА""","народився 6 березня 1975 року в місті Миколаєві, громадянин України, протягом останніх п’яти років проживає на території України, освіта вища, заступник голови з економіки та інвестицій, ДП ""Адміністрація морських портів України"", член ПАРТІЇ ""БЛОК ПЕТРА ПОРОШЕНКА"", проживає в місті Києві, судимість відсутня, суб’єкт висування – ПАРТІЯ ""БЛОК ПЕТРА ПОРОШЕНКА"".","самовисування",0.648055374622345,2019,8,TRUE,TRUE,"http://itd.rada.gov.ua/mps/info/page/18095","Член депутатської фракції ПАРТІЇ ""БЛОК ПЕТРА ПОРОШЕНКА"""
15794,"Ільюк Артем Олександрович",128,1,NA,"Безпартійний","народився 17 квiтня 1979 року в місті Миколаєві, громадянин України, протягом останніх п’яти років проживає на території України, освіта вища, народний депутат України, безпартійний, проживає в місті Миколаєві, судимість відсутня, самовисування.","самовисування",0.796054422855377,2019,8,TRUE,TRUE,"http://itd.rada.gov.ua/mps/info/page/15794","Член депутатської групи ""Партія ""Відродження"""
18091,"Жолобецький Олександр Олександрович",129,0,NA,"Безпартійний","народився 24 квiтня 1966 року в місті Миколаєві, громадянин України, протягом останніх п’яти років проживає на території України, освіта вища, заступник директора з регіонального розвитку, ТОВ ""Реган-Юг"", безпартійний, проживає в місті Миколаєві, судимість відсутня, суб’єкт висування – ПАРТІЯ ""БЛОК ПЕТРА ПОРОШЕНКА"".","самовисування",0.754342615604401,2019,8,TRUE,TRUE,"http://itd.rada.gov.ua/mps/info/page/18091","Член депутатської фракції ПАРТІЇ ""БЛОК ПЕТРА ПОРОШЕНКА"""
18067,"Вадатурський Андрій Олексійович",130,0,NA,"ПАРТІЯ ""БЛОК ПЕТРА ПОРОШЕНКА""","народився 11 квiтня 1973 року на станції Трикратне Вознесенського району Миколаївської області, громадянин України, протягом останніх п’яти років проживає на території України, освіта вища, голова наглядової ради, ТОВ ""Сільськогосподарське підприємство ""НІБУЛОН"", член ПАРТІЇ ""БЛОК ПЕТРА ПОРОШЕНКА"", проживає в місті Миколаєві, судимість відсутня, суб’єкт висування – ПАРТІЯ ""БЛОК ПЕТРА ПОРОШЕНКА"".","самовисування",0.718000769615173,2019,8,TRUE,TRUE,"http://itd.rada.gov.ua/mps/info/page/18067","Член депутатської фракції ПАРТІЇ ""БЛОК ПЕТРА ПОРОШЕНКА"""
15796,"Бриченко Ігор Віталійович",130,0,NA,"Політична партія ""НАРОДНИЙ ФРОНТ""","народився 7 липня 1970 року, громадянин України, протягом останніх п’яти років проживає на території України, освіта загальна середня, народний депутат України, член Політичної партії ""НАРОДНИЙ ФРОНТ"", проживає в селі Новопетрівка Снігурівського району Миколаївської області, судимість відсутня, включений до виборчого списку під № 47.","самовисування",0.526718497276306,2019,8,TRUE,TRUE,"http://itd.rada.gov.ua/mps/info/page/15796","Член депутатської фракції Політичної партії ""НАРОДНИЙ ФРОНТ"""
18115,"Лівік Олександр Петрович",131,0,NA,"Безпартійний","народився 30 червня 1970 року в місті Миколаєві, громадянин України, протягом останніх п’яти років проживає на території України, освіта вища, заступник голови правління, ВАТ ""Зелений Гай"", безпартійний, проживає в місті Вознесенськ Миколаївської області, судимість відсутня, суб’єкт висування – ПАРТІЯ ""БЛОК ПЕТРА ПОРОШЕНКА"".","самовисування",0.725436151027679,2019,8,TRUE,TRUE,"http://itd.rada.gov.ua/mps/info/page/18115","Член депутатської фракції ПАРТІЇ ""БЛОК ПЕТРА ПОРОШЕНКА"""
19622,"Підберезняк Вадим Іванович",132,0,NA,"Політична партія ""НАРОДНИЙ ФРОНТ""","народився 22 березня 1972 року, громадянин України, протягом останніх п’яти років проживає на території України, освіта вища, тимчасово не працює, член Політичної партії ""НАРОДНИЙ ФРОНТ"", проживає в місті Миколаєві, судимість відсутня, включений до виборчого списку під № 76.","самовисування",0.49770724773407,2019,8,TRUE,TRUE,"http://itd.rada.gov.ua/mps/info/page/19622","Член депутатської фракції Політичної партії ""НАРОДНИЙ ФРОНТ"""
7741,"Чекіта Геннадій Леонідович",134,1,NA,"Безпартійний","народився 17 липня 1966 року в місті Одесі, громадянин України, протягом останніх п’яти років проживає на території України, освіта вища, президент, ПАТ ""Будгідравліка"", безпартійний, проживає в місті Одесі, судимість відсутня, суб’єкт висування – ПАРТІЯ ""БЛОК ПЕТРА ПОРОШЕНКА"".","самовисування",0.82473224401474,2019,8,TRUE,TRUE,"http://itd.rada.gov.ua/mps/info/page/7741","Член депутатської фракції ПАРТІЇ ""БЛОК ПЕТРА ПОРОШЕНКА"""
2320,"Ківалов Сергій Васильович",135,0,NA,"Українська морська партія Сергія Ківалова","народився 1 травня 1954 року в місті Тирасполі, Молдова, громадянин України, протягом останніх п’яти років проживає на території України, освіта вища, народний депутат України, член Української морської партії Сергія Ківалова, проживає в місті Одесі, судимість відсутня, самовисування.","самовисування",0.477736413478851,2019,8,TRUE,TRUE,"http://itd.rada.gov.ua/mps/info/page/2320","Член депутатської фракції Політичної партії ""Опозиційний блок"" у Верховній Раді України восьмого скликання"
18074,"Голубов Дмитро Іванович",136,1,NA,"Безпартійний","народився 16 жовтня 1983 року в місті Одесі, громадянин України, протягом останніх п’яти років проживає на території України, освіта вища, фізична особа – підприємець, безпартійний, проживає в місті Одесі, судимість відсутня, суб’єкт висування – ПАРТІЯ ""БЛОК ПЕТРА ПОРОШЕНКА"".","самовисування",0.759912073612213,2019,8,TRUE,TRUE,"http://itd.rada.gov.ua/mps/info/page/18074","Член депутатської фракції ПАРТІЇ ""БЛОК ПЕТРА ПОРОШЕНКА"""
17984,"Гончаренко Олексій Олексійович",137,1,NA,"ПАРТІЯ ""БЛОК ПЕТРА ПОРОШЕНКА""","народився 16 вересня 1980 року, громадянин України, протягом останніх п’яти років проживає на території України, освіта вища, голова, Одеська обласна рада, член ПАРТІЇ ""БЛОК ПЕТРА ПОРОШЕНКА"", проживає в місті Одесі, судимість відсутня, включений до виборчого списку під № 40.","самовисування",0.831100404262543,2019,8,TRUE,TRUE,"http://itd.rada.gov.ua/mps/info/page/17984","Заступник голови депутатської фракції ПАРТІЇ ""БЛОК ПЕТРА ПОРОШЕНКА"""
5423,"Клімов Леонід Михайлович",137,0,NA,"Безпартійний","народився 31 березня 1953 року в місті Макіївка Донецької області, громадянин України, протягом останніх п’яти років проживає на території України, освіта вища, народний депутат України, безпартійний, проживає в місті Одесі, судимість відсутня, самовисування.","самовисування",0.477736413478851,2019,8,TRUE,TRUE,"http://itd.rada.gov.ua/mps/info/page/5423","Член депутатської групи ""Партія ""Відродження"""
15799,"Фурсін Іван Геннадійович",138,1,NA,"Безпартійний","народився 16 вересня 1971 року в місті Києві, громадянин України, протягом останніх п’яти років проживає на території України, освіта вища, народний депутат України, безпартійний, проживає в смт Любашівка Одеської області, судимість відсутня, самовисування.","самовисування",0.853451550006866,2019,8,TRUE,TRUE,"http://itd.rada.gov.ua/mps/info/page/15799","Член депутатської групи ""Воля народу"""
15800,"Пресман Олександр Семенович",139,1,NA,"Безпартійний","народився 10 квiтня 1961 року в місті Києві, громадянин України, протягом останніх п’яти років проживає на території України, освіта вища, народний депутат України, безпартійний, проживає в місті Одесі, судимість відсутня, самовисування.","самовисування",0.676775515079498,2019,8,TRUE,TRUE,"http://itd.rada.gov.ua/mps/info/page/15800","Член депутатської групи ""Партія ""Відродження"""
18078,"Гуляєв Василь Олександрович",140,1,NA,"Безпартійний","народився 3 вересня 1963 року в смт Олександрівка міста Іллічівська Одеської області, громадянин України, протягом останніх п’яти років проживає на території України, освіта вища, Молодіжненський сільський голова, безпартійний, проживає в селі Молодіжне Овідіопольського району Одеської області, судимість відсутня, самовисування.","самовисування",0.72273725271225,2019,8,TRUE,TRUE,"http://itd.rada.gov.ua/mps/info/page/18078","Член депутатської групи ""Партія ""Відродження"""
9776,"Барвіненко Віталій Дмитрович",141,1,NA,"Безпартійний","народився 3 червня 1981 року в місті Білгород-Дністровський Одеської області, громадянин України, протягом останніх п’яти років проживає на території України, освіта вища, народний депутат України, безпартійний, проживає в місті Одесі, судимість відсутня, самовисування.","самовисування",0.844752550125122,2019,8,TRUE,TRUE,"http://itd.rada.gov.ua/mps/info/page/9776","Член депутатської групи ""Партія ""Відродження"""
7371,"Кіссе Антон Іванович",142,1,NA,"Безпартійний","народився 10 жовтня 1958 року в селі Євгенівка Тарутинського району Одеської області, громадянин України, протягом останніх п’яти років проживає на території України, освіта вища, народний депутат України, безпартійний, проживає в місті Одесі, судимість відсутня, самовисування.","самовисування",0.566230058670044,2019,8,TRUE,TRUE,"http://itd.rada.gov.ua/mps/info/page/7371","Член депутатської групи ""Партія ""Відродження"""
15801,"Каплін Сергій Миколайович",144,1,NA,"Безпартійний","народився 15 грудня 1979 року в селі Опришки Глобинського району Полтавської області, громадянин України, протягом останніх п’яти років проживає на території України, освіта вища, народний депутат України, безпартійний, проживає в місті Полтаві, судимість відсутня, суб’єкт висування – ПАРТІЯ ""БЛОК ПЕТРА ПОРОШЕНКА"".","самовисування",0.784829318523407,2019,8,TRUE,TRUE,"http://itd.rada.gov.ua/mps/info/page/15801",NA
15802,"Бублик Юрій Васильович",145,0,NA,"Політична партія Всеукраїнське об'єднання ""Свобода""","народився 1 грудня 1973 року в селі Новоселівка Полтавського району Полтавської області, громадянин України, протягом останніх п’яти років проживає на території України, освіта вища, народний депутат України, член політичної партії Всеукраїнське об’єднання ""Свобода"", з 25.12.2015 - зупинення членства у ВО ""Свобода"", проживає в селі Ковалівка Полтавського району Полтавської області, судимість відсутня, суб’єкт висування – політична партія Всеукраїнське об’єднання ""Свобода"".","самовисування",0.723602652549744,2019,8,TRUE,TRUE,"http://itd.rada.gov.ua/mps/info/page/15802",NA
15803,"Шаповалов Юрій Анатолійович",146,0,NA,"Безпартійний","народився 14 березня 1972 року в місті Кременчук Полтавської області, громадянин України, протягом останніх п’яти років проживає на території України, освіта вища, народний депутат України, безпартійний, проживає в місті Кременчук Полтавської області, судимість відсутня, самовисування.","самовисування",0.707501232624054,2019,8,TRUE,TRUE,"http://itd.rada.gov.ua/mps/info/page/15803","Член депутатської групи ""Партія ""Відродження"""
15804,"Кулініч Олег Іванович",147,1,NA,"Безпартійний","народився 25 листопада 1966 року в місті Зіньків Полтавської області, громадянин України, протягом останніх п’яти років проживає на території України, освіта вища, народний депутат України, безпартійний, проживає в місті Зіньків Полтавської області, судимість відсутня, самовисування.","самовисування",0.776348650455475,2019,8,TRUE,TRUE,"http://itd.rada.gov.ua/mps/info/page/15804","Член депутатської групи ""Партія ""Відродження"""
18092,"Іщейкін Костянтин Євгенович",148,1,NA,"Безпартійний","народився 11 вересня 1975 року в місті Полтаві, громадянин України, протягом останніх п’яти років проживає на території України, освіта вища, декан факультету, завідувач кафедри внутрішніх хвороб та медицини невідкладних станів з дерматологією та венерологією, ВДНЗ України ""Українська медична стоматологічна академія"", безпартійний, проживає в місті Полтаві, судимість відсутня, суб’єкт висування – ПАРТІЯ ""БЛОК ПЕТРА ПОРОШЕНКА"".","самовисування",0.612090051174164,2019,8,TRUE,TRUE,"http://itd.rada.gov.ua/mps/info/page/18092","Член депутатської фракції ПАРТІЇ ""БЛОК ПЕТРА ПОРОШЕНКА"""
18129,"Река Андрій Олександрович",149,0,NA,"Політична партія ""НАРОДНИЙ ФРОНТ""","народився 1 грудня 1953 року в селі Стовбина Долина Новосанжарського району Полтавської області, громадянин України, протягом останніх п’яти років проживає на території України, освіта вища, Новосанжарський селищний голова, член Політичної партії ""НАРОДНИЙ ФРОНТ"", проживає в смт Нові Санжари Полтавської області, судимість відсутня, суб’єкт висування – Політична партія ""НАРОДНИЙ ФРОНТ"".","самовисування",0.65647292137146,2019,8,TRUE,TRUE,"http://itd.rada.gov.ua/mps/info/page/18129","Член депутатської фракції Політичної партії ""НАРОДНИЙ ФРОНТ"""
18043,"Вітко Артем Леонідович",149,0,NA,"Безпартійний","народився 31 сiчня 1983 року, громадянин України, протягом останніх п’яти років проживає на території України, освіта вища, командир, батальйон ""Луганськ-1"", безпартійний, проживає в місті Сєвєродонецьк Луганської області, судимість відсутня, включений до виборчого списку під № 7.","самовисування",0.653616845607758,2019,8,TRUE,TRUE,"http://itd.rada.gov.ua/mps/info/page/18043","Член депутатської фракції Радикальної партії Олега Ляшка"
2301,"Жеваго Костянтин Валентинович",150,0,NA,"Безпартійний","народився 7 сiчня 1974 року в селищі Іультин Магаданської області, Росія, громадянин України, протягом останніх п’яти років проживає на території України, освіта вища, народний депутат України, безпартійний, проживає в місті Києві, судимість відсутня, самовисування.","самовисування",0.664173245429993,2019,8,TRUE,TRUE,"http://itd.rada.gov.ua/mps/info/page/2301",NA
18005,"Кривенко Віктор Миколайович",151,1,NA,"Безпартійний","народився 9 сiчня 1982 року, громадянин України, протягом останніх п’яти років проживає на території України, освіта вища, викладач кафедри менеджменту та економіки, Національний університет фізичного виховання і спорту, безпартійний, проживає в селі Курилівка Петриківського району Дніпропетровської області, судимість відсутня, включений до виборчого списку під № 5.","самовисування",0.600880324840546,2019,8,TRUE,TRUE,"http://itd.rada.gov.ua/mps/info/page/18005",NA
15807,"Вознюк Юрій Володимирович",153,1,NA,"Політична партія ""НАРОДНИЙ ФРОНТ""","народився 31 сiчня 1980 року в місті Луцьку Волинської області, громадянин України, протягом останніх п’яти років проживає на території України, освіта вища, народний депутат України, член Політичної партії ""НАРОДНИЙ ФРОНТ"", проживає в місті Рівному, судимість відсутня, суб’єкт висування – Політична партія ""НАРОДНИЙ ФРОНТ"".","самовисування",0.693690180778503,2019,8,TRUE,TRUE,"http://itd.rada.gov.ua/mps/info/page/15807","Член депутатської фракції Політичної партії ""НАРОДНИЙ ФРОНТ"""
6130,"Дехтярчук Олександр Володимирович",154,1,NA,"Безпартійний","народився 17 серпня 1971 року в селі Голичівка Корецького району Рівненської області, громадянин України, протягом останніх п’яти років проживає на території України, освіта вища, голова, Дубенська районна рада, безпартійний, проживає в місті Дубно Рівненської області, судимість відсутня, суб’єкт висування – ПАРТІЯ ""БЛОК ПЕТРА ПОРОШЕНКА"".","самовисування",0.732539176940918,2019,8,TRUE,TRUE,"http://itd.rada.gov.ua/mps/info/page/6130","Член депутатської фракції ПАРТІЇ ""БЛОК ПЕТРА ПОРОШЕНКА"""
18151,"Яніцький Василь Петрович",155,1,NA,"ПАРТІЯ ""БЛОК ПЕТРА ПОРОШЕНКА""","народився 14 сiчня 1973 року в смт Зарічне Рівненської області, громадянин України, протягом останніх п’яти років проживає на території України, освіта вища, голова правління, ЗАТ ""Юридична фірма ""Євротек"", член ПАРТІЇ ""БЛОК ПЕТРА ПОРОШЕНКА"", проживає в місті Києві, судимість відсутня, суб’єкт висування – ПАРТІЯ ""БЛОК ПЕТРА ПОРОШЕНКА"".","самовисування",0.747753620147705,2019,8,TRUE,TRUE,"http://itd.rada.gov.ua/mps/info/page/18151","Член депутатської фракції ПАРТІЇ ""БЛОК ПЕТРА ПОРОШЕНКА"""
12003,"Медуниця Олег Вячеславович",157,1,NA,"Безпартійний","народився 27 липня 1971 року в місті Сумах, громадянин України, протягом останніх п’яти років проживає на території України, освіта вища, народний депутат України, безпартійний, проживає в місті Сумах, судимість відсутня, суб’єкт висування – Політична партія ""НАРОДНИЙ ФРОНТ"".","самовисування",0.845206022262573,2019,8,TRUE,TRUE,"http://itd.rada.gov.ua/mps/info/page/12003","Член депутатської фракції Політичної партії ""НАРОДНИЙ ФРОНТ"""
18139,"Сугоняко Олександр Леонідович",158,0,NA,"Безпартійний","народився 8 сiчня 1958 року в місті Шостка Сумської області, громадянин України, протягом останніх п’яти років проживає на території України, освіта вища, начальник, Головне управління юстиції у Сумській області, безпартійний, проживає в місті Сумах, судимість відсутня, суб’єкт висування – ПАРТІЯ ""БЛОК ПЕТРА ПОРОШЕНКА"".","самовисування",0.775690793991089,2019,8,TRUE,TRUE,"http://itd.rada.gov.ua/mps/info/page/18139","Член депутатської фракції ПАРТІЇ ""БЛОК ПЕТРА ПОРОШЕНКА"""
2284,"Деркач Андрій Леонідович",159,1,NA,"Безпартійний","народився 19 серпня 1967 року в місті Дніпропетровську, громадянин України, протягом останніх п’яти років проживає на території України, освіта вища, народний депутат України, безпартійний, проживає в місті Києві, судимість відсутня, самовисування.","самовисування",0.856766998767853,2019,8,TRUE,TRUE,"http://itd.rada.gov.ua/mps/info/page/2284",NA
15810,"Молоток Ігор Федорович",160,1,NA,"Безпартійний","народився 4 червня 1967 року в місті Шостка Сумської області, громадянин України, протягом останніх п’яти років проживає на території України, освіта вища, народний депутат України, безпартійний, проживає в місті Шостка Сумської області, судимість відсутня, самовисування.","самовисування",0.886825740337372,2019,8,TRUE,TRUE,"http://itd.rada.gov.ua/mps/info/page/15810","Член депутатської групи ""Воля народу"""
NA,"Свирид Анатолій Олексійович",161,0,NA,NA,NA,"самовисування",0.0999263748526573,2019,NA,FALSE,FALSE,NA,NA
18117,"Люшняк Микола Володимирович",166,1,NA,"Безпартійний","народився 8 лютого 1974 року в місті Бережани Тернопільської області, громадянин України, протягом останніх п’яти років проживає на території України, освіта вища, генеральний директор, ТОВ ""Золотники Агро"", безпартійний, проживає в селі Петриків Тернопільського району Тернопільської області, судимість відсутня, суб’єкт висування – ПАРТІЯ ""БЛОК ПЕТРА ПОРОШЕНКА"".","самовисування",0.515744566917419,2019,8,TRUE,TRUE,"http://itd.rada.gov.ua/mps/info/page/18117","Член депутатської фракції ПАРТІЇ ""БЛОК ПЕТРА ПОРОШЕНКА"""
8838,"Писаренко Валерій Володимирович",168,1,NA,"Безпартійний","народився 8 липня 1980 року в місті Нова Каховка Херсонської області, громадянин України, протягом останніх п’яти років проживає на території України, освіта вища, народний депутат України, голова Комітету Верховної Ради України з питань правової політики, доцент кафедри конституційного права, Київський національний університет імені Тараса Шевченка, безпартійний, проживає в місті Харкові, судимість відсутня, самовисування.","самовисування",0.941110610961914,2019,8,TRUE,TRUE,"http://itd.rada.gov.ua/mps/info/page/8838","Член депутатської групи ""Партія ""Відродження"""
17995,"Грановський Олександр Михайлович",169,1,NA,"ПАРТІЯ ""БЛОК ПЕТРА ПОРОШЕНКА""","народився 25 грудня 1979 року, громадянин України, протягом останніх п’яти років проживає на території України, освіта вища, голова ради директорів, компанія ""Ассофіт Холдінгс Лімітед"", член ПАРТІЇ ""БЛОК ПЕТРА ПОРОШЕНКА"", проживає в місті Києві, судимість відсутня, включений до виборчого списку під № 58.","самовисування",0.890805661678314,2019,8,TRUE,TRUE,"http://itd.rada.gov.ua/mps/info/page/17995","Член депутатської фракції ПАРТІЇ ""БЛОК ПЕТРА ПОРОШЕНКА"""
18093,"Кірш Олександр Вікторович",169,0,NA,"Політична партія ""НАРОДНИЙ ФРОНТ""","народився 24 вересня 1961 року в місті Харкові, громадянин України, протягом останніх п’яти років проживає на території України, освіта вища, фізична особа – підприємець, член Політичної партії ""НАРОДНИЙ ФРОНТ"", проживає в місті Харкові, судимість відсутня, суб’єкт висування – Політична партія ""НАРОДНИЙ ФРОНТ"".","самовисування",0.815433144569397,2019,8,TRUE,TRUE,"http://itd.rada.gov.ua/mps/info/page/18093","Член депутатської фракції Політичної партії ""НАРОДНИЙ ФРОНТ"""
15814,"Мисик Володимир Юрійович",172,1,NA,"Безпартійний","народився 31 сiчня 1965 року в смт Кулиничі Харківського району Харківської області, громадянин України, протягом останніх п’яти років проживає на території України, освіта вища, народний депутат України, голова підкомітету з питань діяльності та організації органів прокуратури, державного захисту визначених законом осіб Комітету Верховної Ради України з питань законодавчого забезпечення правоохоронної діяльності, безпартійний, проживає в місті Харкові, судимість відсутня, самовисування.","самовисування",0.924258470535278,2019,8,TRUE,TRUE,"http://itd.rada.gov.ua/mps/info/page/15814","Член депутатської групи ""Партія ""Відродження"""
15815,"Денисенко Анатолій Петрович",173,1,NA,"Безпартійний","народився 10 березня 1971 року в місті Харкові, громадянин України, протягом останніх п’яти років проживає на території України, освіта вища, народний депутат України, голова підкомітету з питань приватизації (реприватизації) та націоналізації Комітету Верховної Ради України з питань економічної політики, безпартійний, проживає в місті Харкові, судимість відсутня, самовисування.","самовисування",0.900009989738464,2019,8,TRUE,TRUE,"http://itd.rada.gov.ua/mps/info/page/15815",NA
5542,"Фельдман Олександр Борисович",174,1,NA,"Безпартійний","народився 6 сiчня 1960 року в місті Харкові, громадянин України, протягом останніх п’яти років проживає на території України, освіта вища, народний депутат України, голова підкомітету з питань соціальних програм державного бюджету Комітету Верховної Ради України з питань бюджету, безпартійний, проживає в місті Харкові, судимість відсутня, самовисування.","самовисування",0.769876956939697,2019,8,TRUE,TRUE,"http://itd.rada.gov.ua/mps/info/page/5542","Член депутатської групи ""Воля народу"""
5606,"Гіршфельд Анатолій Мусійович",179,1,NA,"Безпартійний","народився 7 серпня 1957 року в місті Дніпропетровську, громадянин України, протягом останніх п’яти років проживає на території України, освіта вища, народний депутат України, заступник голови Комітету Верховної Ради України з питань інформатизації та інформаційних технологій, безпартійний, проживає в місті Харкові, судимість відсутня, самовисування.","самовисування",0.787874281406403,2019,8,TRUE,TRUE,"http://itd.rada.gov.ua/mps/info/page/5606","Член депутатської групи ""Воля народу"""
3471,"Біловол Олександр Миколайович",180,1,NA,"Безпартійний","народився 11 сiчня 1962 року в селі Мурафа Краснокутського району Харківської області, громадянин України, протягом останніх п’яти років проживає на території України, освіта вища, народний депутат України, заступник голови Комітету Верховної Ради України з питань охорони здоров’я, безпартійний, проживає в місті Харкові, судимість відсутня, самовисування.","самовисування",0.881753623485565,2019,8,TRUE,TRUE,"http://itd.rada.gov.ua/mps/info/page/3471","Член депутатської групи ""Партія ""Відродження"""
18136,"Співаковський Олександр Володимирович",182,0,NA,"ПАРТІЯ ""БЛОК ПЕТРА ПОРОШЕНКА""","народився 28 березня 1957 року в місті Херсоні, громадянин України, протягом останніх п’яти років проживає на території України, освіта вища, перший проректор, Херсонський державний університет, член ПАРТІЇ ""БЛОК ПЕТРА ПОРОШЕНКА"", проживає в місті Херсоні, судимість відсутня, суб’єкт висування – ПАРТІЯ ""БЛОК ПЕТРА ПОРОШЕНКА"".","самовисування",0.42591854929924,2019,8,TRUE,TRUE,"http://itd.rada.gov.ua/mps/info/page/18136","Член депутатської фракції ПАРТІЇ ""БЛОК ПЕТРА ПОРОШЕНКА"""
18069,"Вінник Іван Юлійович",184,0,NA,"Безпартійний","народився 3 сiчня 1979 року в місті Нова Каховка Херсонської області, громадянин України, протягом останніх п’яти років проживає на території України, освіта вища, тимчасово не працює, безпартійний, проживає в місті Нова Каховка Херсонської області, судимість відсутня, суб’єкт висування – ПАРТІЯ ""БЛОК ПЕТРА ПОРОШЕНКА"".","самовисування",0.567159056663513,2019,8,TRUE,TRUE,"http://itd.rada.gov.ua/mps/info/page/18069","Член депутатської фракції ПАРТІЇ ""БЛОК ПЕТРА ПОРОШЕНКА"""
18147,"Хлань Сергій Володимирович",185,0,NA,"ПАРТІЯ ""БЛОК ПЕТРА ПОРОШЕНКА""","народився 29 червня 1972 року в місті Снігурівка Миколаївської області, громадянин України, протягом останніх п’яти років проживає на території України, освіта вища, директор, приватне сільськогосподарське підприємство ""Деметра"", член ПАРТІЇ ""БЛОК ПЕТРА ПОРОШЕНКА"", проживає в місті Каховка Херсонської області, судимість відсутня, суб’єкт висування – ПАРТІЯ ""БЛОК ПЕТРА ПОРОШЕНКА"".","самовисування",0.393600314855576,2019,8,TRUE,TRUE,"http://itd.rada.gov.ua/mps/info/page/18147","Член депутатської фракції ПАРТІЇ ""БЛОК ПЕТРА ПОРОШЕНКА"""
15823,"Негой Федір Федорович",186,0,NA,"Безпартійний","народився 9 березня 1958 року в місті Татарбунари Одеської області, громадянин України, протягом останніх п’яти років проживає на території України, освіта вища, народний депутат України, безпартійний, проживає в селі Великі Копані Цюрупинського району Херсонської області, судимість відсутня, самовисування.","самовисування",0.347205013036728,2019,8,TRUE,TRUE,"http://itd.rada.gov.ua/mps/info/page/15823","Член депутатської фракції ПАРТІЇ ""БЛОК ПЕТРА ПОРОШЕНКА"""
18161,"Мельник Сергій Іванович",187,1,NA,"Політична партія Всеукраїнське об'єднання ""Батьківщина""","народився 22 лютого 1965 року в селі Моломолинці Хмельницького району Хмельницької області, громадянин України, протягом останніх п’яти років проживає на території України, освіта вища, Хмельницький міський голова, член політичної партії Всеукраїнське об’єднання ""Батьківщина"", проживає в місті Хмельницькому, судимість відсутня, самовисування.","самовисування",0.818273603916168,2019,8,TRUE,TRUE,"http://itd.rada.gov.ua/mps/info/page/18161","Член депутатської фракції ПАРТІЇ ""БЛОК ПЕТРА ПОРОШЕНКА"""
15824,"Лабазюк Сергій Петрович",188,1,NA,"Безпартійний","народився 4 червня 1980 року в місті Волочиськ Хмельницької області, громадянин України, протягом останніх п’яти років проживає на території України, освіта вища, народний депутат України, перший заступник голови Комітету Верховної Ради України з питань аграрної політики та земельних відносин, безпартійний, проживає в місті Волочиськ Хмельницької області, судимість відсутня, самовисування.","самовисування",0.801795125007629,2019,8,TRUE,TRUE,"http://itd.rada.gov.ua/mps/info/page/15824","Член депутатської групи ""Воля народу"""
8473,"Шинькович Андрій Васильович",189,1,NA,"Безпартійний","народився 2 березня 1976 року в місті Вінниці, громадянин України, протягом останніх п’яти років проживає на території України, освіта вища, заступник голови, ТОВ ""Епіцентр К"", безпартійний, проживає в місті Вінниці, судимість відсутня, самовисування.","самовисування",0.610672175884247,2019,8,TRUE,TRUE,"http://itd.rada.gov.ua/mps/info/page/8473","Член депутатської фракції ПАРТІЇ ""БЛОК ПЕТРА ПОРОШЕНКА"""
NA,"Яцков Борис Олександрович",189,0,NA,NA,NA,"самовисування",0.103844828903675,2019,NA,FALSE,FALSE,NA,NA
18120,"Мацола Роман Миколайович",190,1,NA,"ПАРТІЯ ""БЛОК ПЕТРА ПОРОШЕНКА""","народився 11 серпня 1974 року в селі Грушеве Тячівського району Закарпатської області, громадянин України, протягом останніх п’яти років проживає на території України, освіта вища, директор, ТОВ ""Олмар"", член ПАРТІЇ ""БЛОК ПЕТРА ПОРОШЕНКА"", проживає в місті Львові, судимість відсутня, суб’єкт висування – ПАРТІЯ ""БЛОК ПЕТРА ПОРОШЕНКА"".","самовисування",0.594764649868011,2019,8,TRUE,TRUE,"http://itd.rada.gov.ua/mps/info/page/18120","Член депутатської фракції ПАРТІЇ ""БЛОК ПЕТРА ПОРОШЕНКА"""
15826,"Бондар Віктор Васильович",191,1,NA,"Безпартійний","народився 5 листопада 1975 року в місті Ленінград, громадянин України, протягом останніх п’яти років проживає на території України, освіта вища, народний депутат України, безпартійний, проживає в селі Дашківці Віньковецького району Хмельницької області, судимість відсутня, самовисування.","самовисування",0.584212064743042,2019,8,TRUE,TRUE,"http://itd.rada.gov.ua/mps/info/page/15826","Співголова депутатської групи ""Партія ""Відродження"""
15827,"Герега Олександр Володимирович",192,1,NA,"Безпартійний","народився 27 червня 1967 року в місті Городок Хмельницької області, громадянин України, протягом останніх п’яти років проживає на території України, освіта вища, народний депутат України, безпартійний, проживає в місті Городок Хмельницької області, судимість відсутня, самовисування.","самовисування",0.74315083026886,2019,8,TRUE,TRUE,"http://itd.rada.gov.ua/mps/info/page/15827",NA
15828,"Мельниченко Володимир Володимирович",193,1,NA,"Безпартійний","народився 1 лютого 1965 року в місті Кам'янець-Подільський Хмельницької області, громадянин України, протягом останніх п’яти років проживає на території України, освіта вища, народний депутат України, безпартійний, проживає в місті Кам’янець-Подільський Хмельницької області, судимість відсутня, самовисування.","самовисування",0.654771745204926,2019,8,TRUE,TRUE,"http://itd.rada.gov.ua/mps/info/page/15828","Член депутатської фракції ПАРТІЇ ""БЛОК ПЕТРА ПОРОШЕНКА"""
15829,"Бобов Геннадій Борисович",196,1,NA,"Безпартійний","народився 15 листопада 1965 року в місті Васильків Київської області, громадянин України, протягом останніх п’яти років проживає на території України, освіта вища, народний депутат України, безпартійний, проживає в селі Селище Корсунь-Шевченківського району Черкаської області, судимість відсутня, самовисування.","самовисування",0.77345883846283,2019,8,TRUE,TRUE,"http://itd.rada.gov.ua/mps/info/page/15829","Член депутатської групи ""Партія ""Відродження"""
8238,"Голуб Владислав Володимирович",197,1,NA,"ПАРТІЯ ""БЛОК ПЕТРА ПОРОШЕНКА""","народився 22 квiтня 1983 року в місті Києві, громадянин України, протягом останніх п’яти років проживає на території України, освіта вища, заступник голови, громадська організація ""Форум розвитку Черкащини"", член ПАРТІЇ ""БЛОК ПЕТРА ПОРОШЕНКА"", проживає в місті Києві, судимість відсутня, суб’єкт висування – ПАРТІЯ ""БЛОК ПЕТРА ПОРОШЕНКА"".","самовисування",0.712386310100555,2019,8,TRUE,TRUE,"http://itd.rada.gov.ua/mps/info/page/8238",NA
16430,"Рудик Сергій Ярославович",198,1,NA,"Політична партія Всеукраїнське об'єднання ""Свобода""","народився 11 жовтня 1970 року в місті Чернівцях, громадянин України, протягом останніх п’яти років проживає на території України, освіта вища, голова, Державне агентство земельних ресурсів України, член політичної партії Всеукраїнське об’єднання ""Свобода"", проживає в місті Києві, судимість відсутня, самовисування.","самовисування",0.660936057567596,2019,8,TRUE,TRUE,"http://itd.rada.gov.ua/mps/info/page/16430","Член депутатської фракції ПАРТІЇ ""БЛОК ПЕТРА ПОРОШЕНКА"""
15830,"Ничипоренко Валентин Миколайович",199,1,NA,"Безпартійний","народився 25 лютого 1961 року в місті Києві, громадянин України, протягом останніх п’яти років проживає на території України, освіта вища, народний депутат України, безпартійний, проживає в місті Жашків Черкаської області, судимість відсутня, самовисування.","самовисування",0.633417725563049,2019,8,TRUE,TRUE,"http://itd.rada.gov.ua/mps/info/page/15830",NA
17976,"Заліщук Світлана Петрівна",199,0,NA,"Безпартійний","народилася 24 жовтня 1982 року, громадянка України, протягом останніх п’яти років проживає на території України, освіта вища, виконавчий директор, громадська організація ""Центр ЮЕЙ"", безпартійнa, проживає в місті Києві, судимість відсутня, включена до виборчого списку під № 18.","самовисування",0.361724227666855,2019,8,TRUE,TRUE,"http://itd.rada.gov.ua/mps/info/page/17976",NA
4339,"Яценко Антон Володимирович",200,1,NA,"Безпартійний","народився 13 липня 1977 року в місті Києві, громадянин України, протягом останніх п’яти років проживає на території України, освіта вища, народний депутат України, голова підкомітету Комітету Верховної Ради України з питань фінансів і банківської діяльності, безпартійний, проживає в місті Києві, судимість відсутня, самовисування.","самовисування",0.723279476165771,2019,8,TRUE,TRUE,"http://itd.rada.gov.ua/mps/info/page/4339","Член депутатської групи ""Партія ""Відродження"""
15667,"Продан Оксана Петрівна",201,1,NA,"Безпартійний","народилася 16 квiтня 1974 року, громадянка України, протягом останніх п’яти років проживає на території України, освіта вища, народний депутат України, безпартійнa, проживає в місті Чернівцях, судимість відсутня, включена до виборчого списку під № 15.","самовисування",0.334407061338425,2019,8,TRUE,TRUE,"http://itd.rada.gov.ua/mps/info/page/15667","Заступник голови депутатської фракції ПАРТІЇ ""БЛОК ПЕТРА ПОРОШЕНКА"""
15831,"Федорук Микола Трохимович",201,0,NA,"Політична партія ""НАРОДНИЙ ФРОНТ""","народився 20 березня 1954 року в селі Пісочне Ковельського району Волинської області, громадянин України, протягом останніх п’яти років проживає на території України, освіта вища, народний депутат України, член Політичної партії ""НАРОДНИЙ ФРОНТ"", проживає в місті Чернівцях, судимість відсутня, суб’єкт висування – Політична партія ""НАРОДНИЙ ФРОНТ"".","самовисування",0.300528436899185,2019,8,TRUE,TRUE,"http://itd.rada.gov.ua/mps/info/page/15831","Член депутатської фракції Політичної партії ""НАРОДНИЙ ФРОНТ"""
9123,"Рибак Іван Петрович",202,1,NA,"Безпартійний","народився 11 березня 1978 року в селі Ворохта Надвірнянського району Івано-Франківської області, громадянин України, протягом останніх п’яти років проживає на території України, освіта вища, перший заступник голови, Чернівецька обласна державна адміністрація, безпартійний, проживає в місті Чернівцях, судимість відсутня, суб’єкт висування – ПАРТІЯ ""БЛОК ПЕТРА ПОРОШЕНКА"".","самовисування",0.777555763721466,2019,8,TRUE,TRUE,"http://itd.rada.gov.ua/mps/info/page/9123","Член депутатської фракції ПАРТІЇ ""БЛОК ПЕТРА ПОРОШЕНКА"""
18142,"Тіміш Григорій Іванович",203,1,NA,"Безпартійний","народився 11 грудня 1970 року в селі Купка Глибоцького району Чернівецької області, громадянин України, протягом останніх п’яти років проживає на території України, освіта вища, заступник голови, Глибоцька районна державна адміністрація, безпартійний, проживає в селі Купка Глибоцького району Чернівецької області, судимість відсутня, суб’єкт висування – ПАРТІЯ ""БЛОК ПЕТРА ПОРОШЕНКА"".","самовисування",0.79805600643158,2019,8,TRUE,TRUE,"http://itd.rada.gov.ua/mps/info/page/18142","Член депутатської фракції ПАРТІЇ ""БЛОК ПЕТРА ПОРОШЕНКА"""
777,"Попеску Іван Васильович",203,0,NA,"Партія регіонів","освіта вища,<br>народний депутат України,<br>член Партії регіонів,<br>проживає в селі Нижні Петрівці Сторожинецького району Чернівецької області,<br>судимість відсутня,<br>включений до виборчого списку під № 73.","самовисування",0.106971755623817,2019,7,FALSE,TRUE,"http://itd.rada.gov.ua/mps/info/expage/777/8",NA
15655,"Бурбак Максим Юрійович",204,1,NA,"Політична партія ""НАРОДНИЙ ФРОНТ""","народився 13 сiчня 1976 року в місті Чернівці, громадянин України, протягом останніх п’яти років проживає на території України, освіта вища, Міністр інфраструктури України, член Політичної партії ""НАРОДНИЙ ФРОНТ"", проживає в місті Чернівцях, судимість відсутня, суб’єкт висування – Політична партія ""НАРОДНИЙ ФРОНТ"".","самовисування",0.69263619184494,2019,8,TRUE,TRUE,"http://itd.rada.gov.ua/mps/info/page/15655","Голова депутатської фракції Політичної партії ""НАРОДНИЙ ФРОНТ"""
18160,"Куліч Валерій Петрович",205,1,NA,"ПАРТІЯ ""БЛОК ПЕТРА ПОРОШЕНКА""","народився 28 серпня 1973 року в селі Жовтневе Коропського району Чернігівської області, громадянин України, протягом останніх п’яти років проживає на території України, освіта вища, генеральний директор, ТОВ ""ФОРСАЖ"", член ПАРТІЇ ""БЛОК ПЕТРА ПОРОШЕНКА"", проживає в місті Чернігові, судимість відсутня, суб’єкт висування – ПАРТІЯ ""БЛОК ПЕТРА ПОРОШЕНКА"".","самовисування",0.792266070842743,2019,8,TRUE,TRUE,"http://itd.rada.gov.ua/mps/info/page/18160",NA
8870,"Ткаченко Володимир Володимирович",205,0,NA,"""Блок Юлії Тимошенко"" - виборчий блок політичних партій ""Всеукраїнське об'єднання ""Батьківщина"", Українська соціал-демократична партія""","член Всеукраїнського об’єднання ""Батьківщина"",<br>освіта вища,<br>доцент кафедри всесвітньої історії Чернігівського державного педагогічного університету імені Т.Г.Шевченка,<br>проживає у місті Чернігові","самовисування",0.166051119565964,2019,5,FALSE,TRUE,"http://itd.rada.gov.ua/mps/info/expage/8870/6",NA
20107,"Микитась Максим Вікторович",206,1,NA,"Безпартійний","народився 13 вересня 1980 року в місті Прип’ять Київської області, громадянин України, протягом останніх п’яти років проживає на території України, освіта вища, президент, Українська державна будівельна корпорація ""Укрбуд"", безпартійний, проживає в місті Києві, судимість відсутня, самовисування.","самовисування",0.891701519489288,2019,8,TRUE,TRUE,"http://itd.rada.gov.ua/mps/info/page/20107","Член депутатської групи ""Воля народу"""
18089,"Євлахов Анатолій Сергійович",207,1,NA,"Безпартійний","народився 14 квiтня 1981 року в місті Керч Республіки Крим, громадянин України, протягом останніх п’яти років проживає на території України, освіта вища, директор департаменту, ПАТ ""Слов’янські шпалери – КФТП"", безпартійний, проживає в місті Києві, судимість відсутня, суб’єкт висування – ПАРТІЯ ""БЛОК ПЕТРА ПОРОШЕНКА"".","самовисування",0.879849553108215,2019,8,TRUE,TRUE,"http://itd.rada.gov.ua/mps/info/page/18089","Член депутатської фракції ПАРТІЇ ""БЛОК ПЕТРА ПОРОШЕНКА"""
18079,"Давиденко Валерій Миколайович",208,1,NA,"Безпартійний","народився 16 березня 1973 року в місті Носівка Чернігівської області, громадянин України, протягом останніх п’яти років проживає на території України, освіта вища, радник дирекції з розвитку перспективних програм, ЗАТ ""Інститут інноваційного провайдингу Української академії аграрних наук"", безпартійний, проживає в місті Носівка Чернігівської області, судимість відсутня, суб’єкт висування – ПОЛІТИЧНА ПАРТІЯ ""ВСЕУКРАЇНСЬКЕ АГРАРНЕ ОБ’ЄДНАННЯ ""ЗАСТУП"".","самовисування",0.855277597904205,2019,8,TRUE,TRUE,"http://itd.rada.gov.ua/mps/info/page/18079","Член депутатської фракції ПАРТІЇ ""БЛОК ПЕТРА ПОРОШЕНКА"""
15309,"Кодола Олександр Михайлович",209,1,NA,"Політична партія ""НАРОДНИЙ ФРОНТ""","народився 17 лютого 1982 року в місті Чернігові, громадянин України, протягом останніх п’яти років проживає на території України, освіта вища, перший заступник голови, Чернігівська обласна рада, член Політичної партії ""НАРОДНИЙ ФРОНТ"", проживає в місті Чернігові, судимість відсутня, суб’єкт висування – Політична партія ""НАРОДНИЙ ФРОНТ"".","самовисування",0.874024271965027,2019,8,TRUE,TRUE,"http://itd.rada.gov.ua/mps/info/page/15309","Член депутатської фракції Політичної партії ""НАРОДНИЙ ФРОНТ"""
18084,"Дмитренко Олег Миколайович",210,1,NA,"Безпартійний","народився 17 жовтня 1973 року в селищі Варва Чернігівської області, громадянин України, протягом останніх п’яти років проживає на території України, освіта вища, директор, ТОВ ""Батьківщина"", безпартійний, проживає в місті Чернігові, судимість відсутня, суб’єкт висування – ПАРТІЯ ""БЛОК ПЕТРА ПОРОШЕНКА"".","самовисування",0.855277597904205,2019,8,TRUE,TRUE,"http://itd.rada.gov.ua/mps/info/page/18084","Член депутатської фракції ПАРТІЇ ""БЛОК ПЕТРА ПОРОШЕНКА"""
NA,"Коровченко Сергій Володимирович",210,0,NA,NA,NA,"самовисування",0.0999263748526573,2019,NA,FALSE,FALSE,NA,NA
18138,"Сташук Віталій Филимонович",212,1,NA,"Політична партія ""НАРОДНИЙ ФРОНТ""","народився 15 жовтня 1972 року в місті Києві, громадянин України, протягом останніх п’яти років проживає на території України, освіта вища, голова, благодійна організація ""Фонд підтримки муніципальних ініціатив"", член Політичної партії ""НАРОДНИЙ ФРОНТ"", проживає в місті Києві, судимість відсутня, суб’єкт висування – Політична партія ""НАРОДНИЙ ФРОНТ"".","самовисування",0.770841717720032,2019,8,TRUE,TRUE,"http://itd.rada.gov.ua/mps/info/page/18138","Член депутатської фракції Політичної партії ""НАРОДНИЙ ФРОНТ"""
18064,"Береза Борислав Юхимович",213,0,NA,"Безпартійний","народився 13 червня 1974 року в місті Києві, громадянин України, протягом останніх п’яти років проживає на території України, освіта вища, тимчасово не працює, безпартійний, проживає в місті Києві, судимість відсутня, самовисування.","самовисування",0.703883528709412,2019,8,TRUE,TRUE,"http://itd.rada.gov.ua/mps/info/page/18064",NA
11097,"Супруненко Олександр Іванович",216,1,NA,"Безпартійний","народився 31 сiчня 1971 року в місті Києві, громадянин України, протягом останніх п’яти років проживає на території України, освіта вища, директор, ТОВ ""Юридична фірма ""Правозахисник"", безпартійний, проживає в місті Києві, судимість відсутня, самовисування.","самовисування",0.770841717720032,2019,8,TRUE,TRUE,"http://itd.rada.gov.ua/mps/info/page/11097","Член депутатської групи ""Воля народу"""
5504,"Третьяков Олександр Юрійович",219,1,NA,"Безпартійний","народився 20 березня 1970 року в місті Києві, громадянин України, протягом останніх п’яти років проживає на території України, освіта вища, віце-президент, громадська організація ""Інститут конкурентного суспільства"", безпартійний, проживає в місті Києві, судимість відсутня, суб’єкт висування – ПАРТІЯ ""БЛОК ПЕТРА ПОРОШЕНКА"".","самовисування",0.770841717720032,2019,8,TRUE,TRUE,"http://itd.rada.gov.ua/mps/info/page/5504","Заступник голови депутатської фракції ПАРТІЇ ""БЛОК ПЕТРА ПОРОШЕНКА"""
17977,"Лещенко Сергій Анатолійович",220,1,NA,"Безпартійний","народився 30 серпня 1980 року, громадянин України, протягом останніх п’яти років проживає на території України, освіта вища, заступник головного редактора – спеціальний кореспондент, ПП ""Українська правда"", безпартійний, проживає в місті Києві, судимість відсутня, включений до виборчого списку під № 19.","самовисування",0.707956552505493,2019,8,TRUE,TRUE,"http://itd.rada.gov.ua/mps/info/page/17977",NA
15839,"Андрієвський Дмитро Йосипович",222,1,NA,"Безпартійний","народився 6 сiчня 1967 року в селі Ольга Ольгинського району Приморського краю, громадянин України, протягом останніх п’яти років проживає на території України, освіта вища, народний депутат України, безпартійний, проживає в місті Києві, судимість відсутня, суб’єкт висування – ПАРТІЯ ""БЛОК ПЕТРА ПОРОШЕНКА"".","самовисування",0.765960454940796,2019,8,TRUE,TRUE,"http://itd.rada.gov.ua/mps/info/page/15839","Член депутатської фракції ПАРТІЇ ""БЛОК ПЕТРА ПОРОШЕНКА"""
