deputat,tvo,winner,likelihood,proposed,fraction,age,gender,spread,proposed_full
Кудлаєнко Сергій Володимирович,11,NA,0.440376513180846,самовисування,партії блок петра порошенка,44,M,0.184662693314664,самовисування
Гижко Андрій Петрович,11,NA,0.255713819866182,ЄС,NA,41,M,0,політична партія європейська солідарність
Шулікін Олег Миколайович,11,NA,0.167021146001556,самовисування,NA,53,M,-0.0886926738646259,самовисування
Драбовський Анатолій Григорович,12,NA,0.436518362932402,СН,NA,61,M,0.125397259999226,політична партія слуга народу
Грушко Сергій Сергійович,12,NA,0.311121102933176,ОПЗЖ,NA,29,M,0,політична партія опозиційна платформа за життя
ВерланКульшенко Олена Олександрівна,12,NA,0.101477377225691,ЄС,NA,48,F,-0.209643725707485,політична партія європейська солідарність
Юрчишин Петро Васильович,13,NA,0.746114233865959,самовисування,партії блок петра порошенка,61,M,0.641834433656157,самовисування
Стахов Валерій Іванович,13,NA,0.104279800209802,самовисування,NA,50,M,0,самовисування
Максименко Юрій Володимирович,13,NA,0.0747508063962526,СН,NA,38,M,-0.0295289938135494,політична партія слуга народу
Мельничук Іван Іванович,14,NA,0.779624828758192,ЄС,партії блок петра порошенка,50,M,0.694294565246758,політична партія європейська солідарність
Борзова Ірина Наумівна,14,NA,0.0853302635114337,СН,NA,37,F,0,політична партія слуга народу
Середа Віталій Вікторович,14,NA,0.0604293417899957,самовисування,NA,37,M,-0.024900921721438,самовисування
Спориш Іван Дмитрович,15,NA,0.756098670701275,самовисування,партії блок петра порошенка,60,M,0.573253397308996,самовисування
Пращук Віталій Юрійович,15,NA,0.182845273392279,СН,NA,39,M,0,політична партія слуга народу
Копера Дмитро Васильович,15,NA,0.0288231731465528,ВОБ,NA,37,M,-0.154022100245726,політична партія всеукраїнське обєднання батьківщина
Македон Юрій Миколайович,16,NA,0.780718942327992,самовисування,партії блок петра порошенка,39,M,0.674542231102205,самовисування
Вдовцов Михайло Михайлович,16,NA,0.106176711225788,ЄС,NA,39,M,0,політична партія європейська солідарність
Томляк Таїса Сергіївна,16,NA,0.0555010785924801,СН,NA,27,F,-0.0506756326333076,політична партія слуга народу
Кучер Микола Іванович,17,NA,0.796630985910941,самовисування,партії блок петра порошенка,60,M,0.659873958944142,самовисування
Коваль Олександр Леонідович,17,NA,0.136757026966799,СН,NA,38,M,0,політична партія слуга народу
Пигуля Віктор Миколайович,17,NA,0.0276172023195052,ОПОБЛОК,NA,44,M,-0.109139824647294,політична партія опозиційний блок
Демчак Руслан Євгенійович,18,NA,0.855893010358858,самовисування,партії блок петра порошенка,45,M,0.78202840546546,самовисування
Довгань Павло Олегович,18,NA,0.073864604893398,СН,NA,23,M,0,політична партія слуга народу
Калетнік Григорій Миколайович,18,NA,0.0414297174784638,самовисування,NA,70,M,-0.0324348874149341,самовисування
Гузь Ігор Володимирович,19,NA,0.647473042992356,самовисування,політичної партії народний фронт,37,M,0.432335665718393,самовисування
Мисковець Назар Сергійович,19,NA,0.215137377273963,СН,NA,31,M,0,політична партія слуга народу
Григоренко Сергій Анатолійович,19,NA,0.0737015924162885,ЄС,NA,40,M,-0.141435784857674,політична партія європейська солідарність
Мартиняк Сергій Васильович,20,NA,0.62408579414704,самовисування,воля народу,48,M,0.463981800549263,самовисування
Мирка Іван Іванович,20,NA,0.160103993597777,ЄС,NA,39,M,0,політична партія європейська солідарність
Рубльов Вячеслав Володимирович,20,NA,0.129677008829006,СН,NA,40,M,-0.0304269847687711,політична партія слуга народу
Івахів Степан Петрович,21,NA,0.69977590967361,самовисування,воля народу,51,M,0.532516114260166,самовисування
Лев Андрій Миколайович,21,NA,0.167259795413444,СН,NA,36,M,0,політична партія слуга народу
Кошарук Сергій Дмитрович,21,NA,0.0726635966658738,ЄС,NA,46,M,-0.0945961987475706,політична партія європейська солідарність
Палиця Ігор Петрович,22,NA,0.386250481582426,самовисування,NA,47,M,0.0666385116990518,самовисування
Пісачук Сергій Васильович,22,NA,0.319611969883374,СН,NA,43,M,0,політична партія слуга народу
Моклиця Юрій Володимирович,22,NA,0.145133752805352,ЄС,NA,37,M,-0.174478217078022,політична партія європейська солідарність
Констанкевич Ірина Мирославівна,23,NA,0.665195225417245,самовисування,"член ПОЛІТИЧНОЇ ПАРТІЇ ""УКРАЇНСЬКЕ ОБ’ЄДНАННЯ ПАТРІОТІВ – УКРОП""",54,F,0.399175335140853,самовисування
Приймачук Максим Петрович,23,NA,0.266019890276391,СН,NA,32,M,0,політична партія слуга народу
Сковорода Юрій Ігорович,23,NA,0.0429849260227792,ЄС,NA,30,M,-0.223034964253612,політична партія європейська солідарність
Кисилевський Дмитро Давидович,24,NA,0.446162851446721,СН,NA,36,M,0.00167713939101788,політична партія слуга народу
Береза Юрій Миколайович,24,NA,0.444485712055703,самовисування,політичної партії народний фронт,49,M,0,самовисування
Чебанов Олександр Владиславович,24,NA,0.0726725917494681,самовисування,NA,46,M,-0.371813120306235,самовисування
Курячий Максим Павлович,25,NA,0.552452474409997,самовисування,left фракция БПП,40,M,0.151464584737991,самовисування
Бужанський Максим Аркадійович,25,NA,0.400987889672006,СН,NA,45,M,0,політична партія слуга народу
Назаренко Олександр Михайлович,25,NA,0.0178808490466857,самовисування,NA,53,M,-0.38310704062531997,самовисування
Нестеренко Кирилл Олександрович,26,NA,0.86901002497503,СН,NA,26,M,0.831174612104406,політична партія слуга народу
Кургузов Юліан Вікторович,26,NA,0.0378354128706234,самовисування,NA,56,M,0,самовисування
Одолад Костянтин Олександрович,26,NA,0.0317326988214087,самовисування,NA,49,M,-0.0061027140492147,самовисування
Ричкова Тетяна Борисівна,27,NA,0.687006698777689,ЄС,партії блок петра порошенка,41,F,0.537023114767269,політична партія європейська солідарність
Андрійченко Олексій Дмитрович,27,NA,0.14998358401042,самовисування,NA,48,M,0,самовисування
Окунинець Сергій Васильович,27,NA,0.102623164847274,самовисування,NA,39,M,-0.0473604191631464,самовисування
Мисягін Юрій Михайлович,28,NA,0.507555739946757,СН,NA,45,M,0.0530080266720899,політична партія слуга народу
Куліченко Іван Іванович,28,NA,0.454547713274667,самовисування,партії блок петра порошенка,64,M,0,самовисування
Козар Володимир Васильович,28,NA,0.0186376643421155,ВОБ,NA,39,M,-0.435910048932551,політична партія всеукраїнське обєднання батьківщина
Демченко Сергій Олексійович,29,NA,0.773273391893641,СН,NA,43,M,0.67364082833056,політична партія слуга народу
Місіратов Марлен Едемович,29,NA,0.0996325635630811,самовисування,NA,41,M,0,самовисування
Голосний Максим Ігоревич,29,NA,0.0683665504027304,самовисування,NA,38,M,-0.0312660131603507,самовисування
Дубінін Олександр Іванович,30,NA,0.484950465236721,самовисування,"член ПОЛІТИЧНОЇ ПАРТІЇ ""УКРАЇНСЬКЕ ОБ’ЄДНАННЯ ПАТРІОТІВ – УКРОП""",60,M,0.0367546401948581,самовисування
Лічман Ганна Василівна,30,NA,0.448195825041863,СН,NA,41,F,0,політична партія слуга народу
Маркосян Сергій Іванович,30,NA,0.0225692021734202,самовисування,NA,52,M,-0.425626622868443,самовисування
Павлов Костянтин Юрійович,31,NA,0.555782428427181,самовисування,політичної партії опозиційний блок у верховній раді україни восьмого скликання,46,M,0.182684908955384,самовисування
Захарченко Володимир Васильович,31,NA,0.373097519471797,СН,NA,48,M,0,політична партія слуга народу
Олійник Вадим Васильович,31,NA,0.0316240369709343,самовисування,NA,53,M,-0.341473482500862,самовисування
Гальченко Андрій Володимирович,32,NA,0.504653413357064,самовисування,політичної партії опозиційний блок у верховній раді україни восьмого скликання,48,M,0.101074938275646,самовисування
Криворучкіна Олена Володимирівна,32,NA,0.403578475081418,СН,NA,48,F,0,політична партія слуга народу
Бурман Людмила Володимирівна,32,NA,0.0580921937488232,самовисування,NA,49,F,-0.345486281332595,самовисування
Корявченков Юрій Валерійович,33,NA,0.86702709151816,СН,NA,45,M,0.823874816306151,політична партія слуга народу
Колесник Микола Юрійович,33,NA,0.0431522752120092,самовисування,NA,52,M,0,самовисування
Ляденко Олег Анатолійович,33,NA,0.0360125446388214,самовисування,NA,49,M,-0.00713973057318776,самовисування
Кришин Олег Юрійович,34,NA,0.521711929443037,самовисування,політичної партії народний фронт,52,M,0.134438764489661,самовисування
Чорний Дмитро Сергійович,34,NA,0.387273164953377,СН,NA,30,M,0,політична партія слуга народу
Кукса Юрій Анатолійович,34,NA,0.0386254428778747,самовисування,NA,42,M,-0.348647722075502,самовисування
Шипко Андрій Федорович,35,NA,0.554791545276128,самовисування,партія відродження,49,M,0.136713860697287,самовисування
Герман Денис Вадимович,35,NA,0.41807768457884,СН,NA,38,M,0,політична партія слуга народу
Сокол Юрій Олександрович,35,NA,0.0127370842710181,ЄС,NA,37,M,-0.405340600307822,політична партія європейська солідарність
Каптєлов Роман Володимирович,36,NA,0.491315920982159,СН,NA,39,M,0.0165711744197897,політична партія слуга народу
Мартовицький Артур Володимирович,36,NA,0.47474474656237,самовисування,політичної партії опозиційний блок у верховній раді україни восьмого скликання,55,M,0,самовисування
Іскендеров Іскендер Расул Огли,36,NA,0.0132289864895537,самовисування,NA,58,M,-0.461515760072816,самовисування
Шпенов Дмитро Юрійович,37,NA,0.550020025865014,самовисування,політичної партії опозиційний блок у верховній раді україни восьмого скликання,41,M,0.140469357859174,самовисування
Фартушний Ігор Іванович,37,NA,0.40955066800584,СН,NA,42,M,0,політична партія слуга народу
Гава Сергій Миколайович,37,NA,0.0161187778469552,самовисування,NA,50,M,-0.393431890158885,самовисування
Нестеренко Вадим Григорович,38,NA,0.399097052606127,самовисування,партії блок петра порошенка,49,M,0.112901793753538,самовисування
Бородін Владислав Валерійович,38,NA,0.286195258852589,СН,NA,48,M,0,політична партія слуга народу
Мельничук Сергій Петрович,38,NA,0.252276598248217,самовисування,left воля народу,47,M,-0.0339186606043725,самовисування
Северин Сергій Сергійович,39,NA,0.861066269712559,СН,NA,39,M,0.801335626821649,політична партія слуга народу
Хорішко Володимир Дмитрович,39,NA,0.0597306428909094,самовисування,NA,61,M,0,самовисування
Бордюг Костянтин Дмитрович,39,NA,0.0297184235508704,самовисування,NA,52,M,-0.030012219340039,самовисування
Трухін Олександр Миколайович,40,NA,0.514510538672773,СН,NA,33,M,0.115388753336145,політична партія слуга народу
Дідич Валентин Володимирович,40,NA,0.399121785336628,самовисування,left фракция БПП,62,M,0,самовисування
Кисіль Сергій Васильович,40,NA,0.0374554989111593,самовисування,NA,45,M,-0.361666286425469,самовисування
Петренко Анастасія Леонідівна,45,NA,0.609616521188536,ОПЗЖ,NA,33,F,0.497180931312401,політична партія опозиційна платформа за життя
Кюрджиєв Георгій Тимофійович,45,NA,0.112435589876135,СН,NA,37,M,0,політична партія слуга народу
Бордунов Едуард Вікторович,45,NA,0.104115121093465,самовисування,NA,49,M,-0.00832046878266988,самовисування
Матейченко Костянтин Володимирович,46,NA,0.866422500234367,самовисування,політичної партії народний фронт,49,M,0.78072318839556,самовисування
Христенко Федір Володимирович,46,NA,0.0856993118388069,ОПЗЖ,NA,36,M,0,політична партія опозиційна платформа за життя
Вощанов Родіон Ігорович,46,NA,0.0229705794587353,СН,NA,26,M,-0.0627287323800716,політична партія слуга народу
Недава Олег Анатолійович,47,NA,0.608264740827908,самовисування,left фракция БПП,50,M,0.246689840765731,самовисування
Солод Юрій Васильович,47,NA,0.361574900062177,ОПЗЖ,політичної партії опозиційний блок у верховній раді україни восьмого скликання,47,M,0,політична партія опозиційна платформа за життя
Патлачук Василь Никифорович,47,NA,0.0153145170049578,СН,NA,58,M,-0.346260383057219,політична партія слуга народу
Єфімов Максим Вікторович,48,NA,0.874421979848447,самовисування,партії блок петра порошенка,45,M,0.827035789887252,самовисування
Шевченко Олександр Павлович,48,NA,0.0473861899611949,ОПЗЖ,NA,60,M,0,політична партія опозиційна платформа за життя
Зубов Валентин Сергійович,48,NA,0.0369831019417309,самовисування,NA,73,M,-0.0104030880194641,самовисування
Гнатенко Валерій Сергійович,49,NA,0.480957375072923,ОПЗЖ,NA,52,M,0.314382957601921,політична партія опозиційна платформа за життя
Сівохо Сергій Анатолійович,49,NA,0.166574417471002,СН,NA,50,M,0,політична партія слуга народу
Маланчук Ярослав Богданович,49,NA,0.159020521412557,Свобода,NA,52,M,-0.00755389605844523,політична партія всеукраїнське обєднання свобода
Романцова Тетяна Володимирівна,50,NA,0.443946439844176,СН,NA,37,F,0.12199045755235,політична партія слуга народу
Сахарова Катерина Михайлівна,50,NA,0.321955982291826,ОПЗЖ,NA,65,F,0,політична партія опозиційна платформа за життя
Аксьонов Андрій Анатолійович,50,NA,0.0915699603846406,самовисування,NA,48,M,-0.230386021907185,самовисування
Савченко Надія Вікторівна,51,NA,0.492449270019145,Other,NA,38,F,0.0939620793990493,політична партія громадськополітична платформа надії савченко
Веселова Наталія Василівна,51,NA,0.398487190620096,Other,NA,44,F,0,політична партія сила людей
Житінський Ігор Юрійович,51,NA,0.0445392327460558,самовисування,NA,42,M,-0.35394795787404,самовисування
Погодін Олег Васильович,52,NA,0.358440917861157,ОПЗЖ,NA,46,M,0.051846597909991,політична партія опозиційна платформа за життя
Рибак Ігор Анатолійович,52,NA,0.306594319951166,самовисування,NA,48,M,0,самовисування
Коновалюк Валерій Ілліч,52,NA,0.158760579062666,ОПОБЛОК,NA,53,M,-0.1478337408885,політична партія опозиційний блок
Новинський Вадим Владиславович,57,NA,0.420798835371921,ОПОБЛОК,політичної партії опозиційний блок у верховній раді україни восьмого скликання,56,M,0.0240407937527699,політична партія опозиційний блок
Салгалов Вячеслав Сергійович,57,NA,0.396758041619152,СН,NA,39,M,0,політична партія слуга народу
Філімонов Владислав Євгенович,57,NA,0.0991787358741858,ОПЗЖ,NA,26,M,-0.297579305744966,політична партія опозиційна платформа за життя
Романюк Віктор Валерійович,58,NA,0.496659444298268,СН,NA,32,M,0.226097153946846,політична партія слуга народу
Онацький Валерій Анатолійович,58,NA,0.270562290351422,самовисування,NA,45,M,0,самовисування
Рибачук Валентин Леонідович,58,NA,0.09316657937501,ОПЗЖ,NA,53,M,-0.177395710976412,політична партія опозиційна платформа за життя
Сажко Сергій Миколайович,59,NA,0.795803803709176,самовисування,політичної партії опозиційний блок у верховній раді україни восьмого скликання,50,M,0.658736459681089,самовисування
Мороз Володимир Вікторович,59,NA,0.137067344028087,ОПЗЖ,NA,52,M,0,політична партія опозиційна платформа за життя
Кирилов Сергій Дмитрович,59,NA,0.0368345904901895,самовисування,NA,58,M,-0.100232753537897,самовисування
Лубінець Дмитро Валерійович,60,NA,0.814116624060884,самовисування,"Член депутатської фракції ПАРТІЇ ""БЛОК ПЕТРА ПОРОШЕНКА""",38,M,0.725144261640908,самовисування
Марчевський Артем Павлович,60,NA,0.0889723624199759,ОПЗЖ,NA,31,M,0,політична партія опозиційна платформа за життя
Щербань Руслан Євгенійович,60,NA,0.0369229725205369,самовисування,NA,42,M,-0.052049389899439,самовисування
Герасименко Ігор Леонідович,62,NA,0.465461642674977,СН,NA,35,M,0.0072864045145013,політична партія слуга народу
Розенблат Борислав Соломонович,62,NA,0.458175238160476,самовисування,left фракция БПП,50,M,0,самовисування
Гундич Ігор Петрович,62,NA,0.0329047049377641,самовисування,NA,44,M,-0.425270533222711,самовисування
Ревега Олександр Васильович,63,NA,0.633373128919505,самовисування,партії блок петра порошенка,53,M,0.330748033271126,самовисування
Кицак Богдан Вікторович,63,NA,0.302625095648378,СН,NA,27,M,0,політична партія слуга народу
Онуфрієнко Наталія Анатоліївна,63,NA,0.0167754075987553,ОПЗЖ,NA,37,F,-0.285849688049623,політична партія опозиційна платформа за життя
Пашинський Сергій Володимирович,64,NA,0.417476793010271,самовисування,політичної партії народний фронт,53,M,0.0409899377848361,самовисування
Арешонков Володимир Юрійович,64,NA,0.376486855225435,самовисування,партії блок петра порошенка,62,M,0,самовисування
Сігачов Вячеслав Валерійович,64,NA,0.163574079780381,СН,NA,47,M,-0.212912775445054,політична партія слуга народу
Литвин Володимир Михайлович,65,NA,0.465072781057541,самовисування,"Член депутатської групи ""Воля народу""",63,M,0.060895129115232,самовисування
Костюк Дмитро Сергійович,65,NA,0.404177651942309,СН,NA,26,M,0,політична партія слуга народу
Романюк Сергій Вікторович,65,NA,0.0692138271810148,Other,NA,32,M,-0.334963824761294,політична партія радикальна партія олега ляшка
Дзюблик Павло Володимирович,66,NA,0.625703553467084,самовисування,політичної партії народний фронт,40,M,0.390699497187449,самовисування
Грищенко Тетяна Миколаївна,66,NA,0.235004056279635,СН,NA,40,F,0,політична партія слуга народу
Ющенко Валентин Іванович,66,NA,0.0472412300852278,самовисування,NA,45,M,-0.187762826194407,самовисування
Развадовський Віктор Йосипович,67,NA,0.505313462500868,самовисування,партія відродження,60,M,0.0820228937911927,самовисування
Кузьміних Сергій Володимирович,67,NA,0.423290568709675,СН,NA,36,M,0,політична партія слуга народу
Ходак Ігор Євгенович,67,NA,0.0390899501481698,ВОБ,NA,49,M,-0.384200618561505,політична партія всеукраїнське обєднання батьківщина
Горват Роберт Іванович,68,NA,0.339047988432324,самовисування,партії блок петра порошенка,50,M,0.0269506830739799,самовисування
Пекарь Олександр Вікторович,68,NA,0.312097305358345,СН,NA,27,M,0,політична партія слуга народу
Чижмарь Юрій Васильович,68,NA,0.296498288526539,самовисування,радикальної партії олега ляшка,45,M,-0.0155990168318055,самовисування
Токар Едгар Володимирович,69,NA,0.487640520459544,СН,NA,32,M,0.0680650575800342,політична партія слуга народу
Балога Віктор Іванович,69,NA,0.41957546287951,Other,NA,56,M,0,політична партія єдиний центр
Данканич Андрій Андрійович,69,NA,0.0434318423290063,ВОБ,NA,50,M,-0.376143620550504,політична партія всеукраїнське обєднання батьківщина
Лаба Михайло Михайлович,70,NA,0.401474576416508,СН,NA,44,M,0.00527201136537742,політична партія слуга народу
Балога Іван Іванович,70,NA,0.396202565051131,Other,NA,53,M,0,політична партія єдиний центр
Дрогобецький Іван Іванович,70,NA,0.0892263105736607,ОПЗЖ,NA,49,M,-0.30697625447747,політична партія опозиційна платформа за життя
Грабар Сергій Володимирович,71,NA,0.462589788306618,СН,NA,34,M,0.0215077498112103,політична партія слуга народу
Лунченко Валерій Валерійович,71,NA,0.441082038495408,самовисування,політичної партії народний фронт,37,M,0,самовисування
Пацкан Олександр Михайлович,71,NA,0.0558989701200455,самовисування,NA,39,M,-0.385183068375362,самовисування
Петьовка Василь Васильович,72,NA,0.491394457629514,самовисування,воля народу,52,M,0.0449853998924987,самовисування
Носа Вадим Іванович,72,NA,0.446409057737015,СН,NA,32,M,0,політична партія слуга народу
Данилюк Олександр Мирославович,72,NA,0.0240577316492017,Голос,NA,31,M,-0.422351326087813,політична партія голос
Брензович Василь Іванович,73,NA,0.370133840399826,самовисування,партії блок петра порошенка,55,M,0.0771132953803857,самовисування
Балога Павло Іванович,73,NA,0.29302054501944,Other,NA,42,M,0,політична партія єдиний центр
Маргітич Іван Володимирович,73,NA,0.278099682994749,СН,NA,32,M,-0.0149208620246906,політична партія слуга народу
Сабашук Петро Павлович,74,NA,0.612219411527558,самовисування,партії блок петра порошенка,62,M,0.279547609698583,самовисування
Касай Геннадій Олександрович,74,NA,0.332671801828975,СН,NA,47,M,0,політична партія слуга народу
Волков Ігор Юрійович,74,NA,0.03223568886797,Other,NA,38,M,-0.300436112961005,політична партія сила і честь
Соха Роман Васильович,75,NA,0.925311625703547,СН,NA,44,M,0.902498689324072,політична партія слуга народу
Савченко Олександра Юріївна,75,NA,0.022812936379475,Голос,NA,29,F,0,політична партія голос
Каліцев Олексій Васильович,75,NA,0.0201396607502469,самовисування,NA,40,M,-0.00267327562922811,самовисування
Шевченко Євгеній Володимирович,76,NA,0.903179686249733,СН,NA,47,M,0.875229972613367,політична партія слуга народу
Полюсов Василь Вячеславович,76,NA,0.0279497136363659,самовисування,NA,48,M,0,самовисування
Прозапас Валерій Миколайович,76,NA,0.0264850632021696,ЄС,NA,42,M,-0.00146465043419637,політична партія європейська солідарність
Богуслаєв Вячеслав Олександрович,77,NA,0.528672814047586,самовисування,воля народу,81,M,0.0759856661271451,самовисування
Штепа Сергій Сергійович,77,NA,0.452687147920441,СН,NA,29,M,0,політична партія слуга народу
Хімічев Андрій Вікторович,77,NA,0.00844573997899481,ЄС,NA,47,M,-0.444241407941446,політична партія європейська солідарність
Боговін Віталій Вікторович,78,NA,0.571697184772454,СН,NA,50,M,0.231671967037857,політична партія слуга народу
Пономарьов Олександр Сергійович,78,NA,0.340025217734597,ОПЗЖ,воля народу,57,M,0,політична партія опозиційна платформа за життя
Годлевський Віктор Сергійович,78,NA,0.0368708707875475,Other,NA,51,M,-0.30315434694705,аграрна партія україни
Яцик Юлія Григорівна,79,NA,0.469905608098342,СН,NA,40,F,0.00583497713568609,політична партія слуга народу
Бандуров Володимир Володимирович,79,NA,0.464070630962656,ОПЗЖ,воля народу,46,M,0,політична партія опозиційна платформа за життя
Могилевцев Олександр Юрійович,79,NA,0.0311618635214905,Other,NA,39,M,-0.432908767441165,аграрна партія україни
Балицький Євген Віталійович,80,NA,0.526803708276811,самовисування,політичної партії опозиційний блок у верховній раді україни восьмого скликання,50,M,0.0988725173007128,самовисування
Гладкий Дмитро Вікторович,80,NA,0.427931190976098,СН,NA,32,M,0,політична партія слуга народу
Маслов Михайло Борисович,80,NA,0.0226349615902371,ОПЗЖ,NA,48,M,-0.405296229385861,політична партія опозиційна платформа за життя
Валентиров Сергій Васильович,81,NA,0.533168880752162,ОПЗЖ,партії блок петра порошенка,41,M,0.11904479187261,політична партія опозиційна платформа за життя
Мельник Павло Вікторович,81,NA,0.414124088879552,СН,NA,35,M,0,політична партія слуга народу
Рєпкін Олександр Олександрович,81,NA,0.023553470993014,ОПОБЛОК,NA,39,M,-0.390570617886538,політична партія опозиційний блок
Кривохатько Вадим Вікторович,82,NA,0.538871387751018,самовисування,"Член депутатської фракції Політичної партії ""Опозиційний блок""",57,M,0.145048512335766,самовисування
Нікітіна Марина Вікторівна,82,NA,0.393822875415251,СН,NA,33,F,0,політична партія слуга народу
Васюк Анатолій Григорович,82,NA,0.0457576703457667,самовисування,NA,41,M,-0.348065205069484,самовисування
Шевченко Олександр Леонідович,83,NA,0.735441936797421,самовисування,"Член депутатської фракції Політичної партії ""Опозиційний блок""",48,M,0.618518879867436,самовисування
Сторожук Андрій Леонідович,83,NA,0.116923056929985,СН,NA,27,M,0,політична партія слуга народу
Петечел Олексій Юрійович,83,NA,0.0947214985623624,ЄС,NA,37,M,-0.0222015583676227,політична партія європейська солідарність
Довбенко Михайло Володимирович,84,NA,0.481878776610056,ЄС,партії блок петра порошенка,65,M,0.258390721863857,політична партія європейська солідарність
Фріс Ігор Павлович,84,NA,0.223488054746199,СН,NA,46,M,0,політична партія слуга народу
Іваськів Андрій Степанович,84,NA,0.14435414213583,ВОБ,NA,48,M,-0.0791339126103688,політична партія всеукраїнське обєднання батьківщина
Шевченко Віктор Леонідович,85,NA,0.506051965507041,самовисування,"Член депутатської фракції Політичної партії ""Опозиційний блок""",39,M,0.23865992214074,самовисування
Насалик Ігор Степанович,85,NA,0.267392043366301,самовисування,"Член депутатської фракції Політичної партії ""Опозиційний блок""",57,M,0,самовисування
Прощук Едуард Петрович,85,NA,0.157335331087088,СН,NA,37,M,-0.110056712279213,політична партія слуга народу
Дирів Анатолій Борисович,86,NA,0.699578814082142,самовисування,політичної партії народний фронт,49,M,0.604404690110655,самовисування
Матусевич Олександр Борисович,86,NA,0.0951741239714871,СН,NA,45,M,0,політична партія слуга народу
Дзеса Остап Васильович,86,NA,0.0875095200456959,ЄС,NA,66,M,-0.00766460392579121,політична партія європейська солідарність
Андрійович Зіновій Мирославович,87,NA,0.502260483897362,СН,NA,47,M,0.300696631369945,політична партія слуга народу
Писклинець Ігор Дмитрович,87,NA,0.201563852527417,ВОБ,NA,42,M,0,політична партія всеукраїнське обєднання батьківщина
Голіней Юрій Дмитрович,87,NA,0.146494132218333,ЄС,NA,42,M,-0.0550697203090842,політична партія європейська солідарність
Іванчук Андрій Володимирович,88,NA,0.486559431728896,самовисування,політичної партії народний фронт,46,M,0.224407381512651,самовисування
Тимошенко Юрій Володимирович,88,NA,0.262152050216245,самовисування,"Член депутатської фракції Політичної партії ""Опозиційний блок""",58,M,0,самовисування
Вережак Іван Михайлович,88,NA,0.122467730583318,Голос,NA,33,M,-0.139684319632927,політична партія голос
Соловей Юрій Ігорович,89,NA,0.478649065834107,Other,партії блок петра порошенка,41,M,0.188559275129008,політична партія удар український демократичний альянс за реформи віталія кличка
Книшук Петро Васильович,89,NA,0.290089790705099,ВОБ,NA,59,M,0,політична партія всеукраїнське обєднання батьківщина
Тимофійчук Володимир Ярославович,89,NA,0.0990298069572776,СН,NA,33,M,-0.191059983747822,політична партія слуга народу
Мепарішвілі Хвича Нодарович,90,NA,0.647710422988591,ЄС,політичної партії народний фронт,47,M,0.355645168885232,політична партія європейська солідарність
Нестерчук Юрій Вікторович,90,NA,0.292065254103359,СН,NA,55,M,0,політична партія слуга народу
Браславський Руслан Георгійович,90,NA,0.0236758997226911,ВОБ,NA,46,M,-0.268389354380668,політична партія всеукраїнське обєднання батьківщина
Сольвар Руслан Миколайович,91,NA,0.621929407543042,самовисування,партії блок петра порошенка,48,M,0.307511346994606,самовисування
Дунда Олег Андрійович,91,NA,0.314418060548437,СН,NA,39,M,0,політична партія слуга народу
Кріпак Андрій Петрович,91,NA,0.0246313699100467,самовисування,NA,37,M,-0.28978669063839,самовисування
Гудзенко Віталій Іванович,92,NA,0.793913962887471,самовисування,партії блок петра порошенка,48,M,0.659152466243117,самовисування
Колюх Валерій Вікторович,92,NA,0.134761496644354,СН,NA,46,M,0,політична партія слуга народу
Ференець Олександр Борисович,92,NA,0.0436461432165298,самовисування,NA,41,M,-0.0911153534278238,самовисування
Мамчур Юлій Валерійович,93,NA,0.380849501382331,самовисування,партії блок петра порошенка,48,M,0.0288547629321969,самовисування
Кривошея Геннадій Григорович,93,NA,0.351994738450135,самовисування,політичної партії народний фронт,42,M,0,самовисування
Скороход Анна Костянтинівна,93,NA,0.196634818144744,СН,NA,29,F,-0.15535992030539,політична партія слуга народу
Кононенко Ігор Віталійович,94,NA,0.294938119970984,самовисування,"Член депутатської фракції Політичної партії ""НАРОДНИЙ ФРОНТ""",54,M,0.0282272343015535,самовисування
Романюк Віктор Миколайович,94,NA,0.266710885669431,самовисування,політичної партії народний фронт,44,M,0,самовисування
Мосійчук Ігор Володимирович,94,NA,0.247740617230781,самовисування,радикальної партії олега ляшка,47,M,-0.0189702684386498,самовисування
Гаврилюк Михайло Віталійович,95,NA,0.399801296841214,самовисування,політичної партії народний фронт,40,M,0.0827761837344611,самовисування
Немировський Андрій Валентинович,95,NA,0.317025113106753,самовисування,партії блок петра порошенка,36,M,0,самовисування
Горобець Олександр Сергійович,95,NA,0.257934208638249,СН,NA,41,M,-0.0590909044685037,політична партія слуга народу
Москаленко Ярослав Миколайович,96,NA,0.487693957215577,самовисування,воля народу,44,M,0.0233866632588323,самовисування
ВасилевськаСмаглюк Ольга Михайлівна,96,NA,0.464307293956745,СН,NA,34,F,0,політична партія слуга народу
Войналович Людмила Миколаївна,96,NA,0.0172699889791773,ЄС,NA,41,F,-0.447037304977568,політична партія європейська солідарність
Різаненко Павло Олександрович,97,NA,0.608583042498109,Голос,партії блок петра порошенка,44,M,0.259339511072568,політична партія голос
Галушко Микола Леонідович,97,NA,0.349243531425541,СН,NA,40,M,0,політична партія слуга народу
Іваненко Олег Валерійович,97,NA,0.0227954339253647,ЄС,NA,41,M,-0.326448097500177,політична партія європейська солідарність
Міщенко Сергій Григорович,98,NA,0.708587673224168,самовисування,"Член депутатської фракції Політичної партії ""НАРОДНИЙ ФРОНТ""",48,M,0.44987216314636,самовисування
Бунін Сергій Валерійович,98,NA,0.258715510077809,СН,NA,48,M,0,політична партія слуга народу
Годунок Ярослав Миколайович,98,NA,0.0155092103429959,ВОБ,NA,42,M,-0.243206299734813,політична партія всеукраїнське обєднання батьківщина
Яриніч Костянтин Володимирович,99,NA,0.333869868099488,самовисування,партії блок петра порошенка,49,M,0.0089401637538285,самовисування
Дануца Олександр Анатолійович,99,NA,0.324929704345659,СН,NA,39,M,0,політична партія слуга народу
Горбунов Олександр Володимирович,99,NA,0.318919242122213,самовисування,політичної партії народний фронт,50,M,-0.00601046222344626,самовисування
Березкін Станіслав Семенович,100,NA,0.500626479453582,самовисування,партія відродження,60,M,0.0372690488021704,самовисування
Мурдій Ігор Юрійович,100,NA,0.463357430651411,СН,NA,37,M,0,політична партія слуга народу
Лучков Євгеній Петрович,100,NA,0.0158914106393209,самовисування,NA,39,M,-0.44746602001209,самовисування
Поляков Максим Анатолійович,101,NA,0.688664542161283,самовисування,політичної партії народний фронт,37,M,0.526378970940751,самовисування
Кузбит Юрій Михайлович,101,NA,0.162285571220532,СН,NA,42,M,0,політична партія слуга народу
Флоря Андрій Володимирович,101,NA,0.105479476211689,самовисування,NA,48,M,-0.0568060950088433,самовисування
Довгий Олесь Станіславович,102,NA,0.529823972269166,самовисування,воля народу,39,M,0.0981813393005869,самовисування
Петрощук Артем Васильович,102,NA,0.431642632968579,СН,NA,36,M,0,політична партія слуга народу
Чорний Олег Олександрович,102,NA,0.0132485652325471,самовисування,NA,50,M,-0.418394067736032,самовисування
Воронько Олег Євгенійович,103,NA,0.877416130184438,СН,NA,45,M,0.834284255624487,політична партія слуга народу
Поворознюк Олександр Григорович,103,NA,0.0431318745599504,самовисування,NA,48,M,0,самовисування
Федосов Олександр Володимирович,103,NA,0.0279246082165954,самовисування,NA,42,M,-0.015207266343355,самовисування
Медведчук Сергій Володимирович,105,NA,0.338648137283573,ОПЗЖ,NA,60,M,0.0230124662672009,політична партія опозиційна платформа за життя
Татарка Сергій Миколайович,105,NA,0.315635671016372,самовисування,NA,57,M,0,самовисування
Кобзар Сергій Олегович,105,NA,0.155074094319411,СН,NA,35,M,-0.160561576696961,політична партія слуга народу
Черниш Валерій Сергійович,106,NA,0.53443025524869,ОПЗЖ,NA,46,M,0.245940526420526,політична партія опозиційна платформа за життя
Кузнєцов Олексій Олександрович,106,NA,0.288489728828164,СН,NA,40,M,0,політична партія слуга народу
Москаль Геннадій Геннадійович,106,NA,0.101491893508852,самовисування,NA,69,M,-0.186997835319312,самовисування
Рибалка Сергій Вікторович,107,NA,0.859474294631548,самовисування,радикальної партії олега ляшка,41,M,0.776375623264669,самовисування
Щеглаков Едуард Іванович,107,NA,0.0830986713668782,ОПЗЖ,NA,48,M,0,політична партія опозиційна платформа за життя
Сорокін Олександр Олексійович,107,NA,0.0204736572552437,СН,NA,43,M,-0.0626250141116345,політична партія слуга народу
Чернецов Олександр Іванович,112,NA,0.62566407327488,ОПЗЖ,NA,60,M,0.469849583577231,політична партія опозиційна платформа за життя
Місінкевич Ярослав Петрович,112,NA,0.155814489697649,СН,NA,31,M,0,політична партія слуга народу
Зеленський Сергій Олександрович,112,NA,0.0837062650492914,самовисування,NA,47,M,-0.0721082246483581,самовисування
Курило Віталій Семенович,113,NA,0.723695619084454,самовисування,партії блок петра порошенка,62,M,0.579226641663282,самовисування
Струк Володимир Олексійович,113,NA,0.144468977421172,самовисування,"Член депутатської фракції Політичної партії ""НАРОДНИЙ ФРОНТ""",55,M,0,самовисування
Лукашев Олександр Анатолійович,113,NA,0.0690355772941107,ОПЗЖ,NA,43,M,-0.0754334001270614,політична партія опозиційна платформа за життя
Шахов Сергій Володимирович,114,NA,0.855327387354507,самовисування,воля народу,44,M,0.759105604658628,самовисування
Мошенський Валерій Захарович,114,NA,0.0962217826958796,самовисування,NA,62,M,0,самовисування
Мойсєєв Максим Сергійович,114,NA,0.0216513509604909,СН,NA,33,M,-0.0745704317353887,політична партія слуга народу
Хміль Михайло Михайлович,115,NA,0.602579846201031,самовисування,політичної партії народний фронт,46,M,0.410024637376773,самовисування
Піпа Наталія Романівна,115,NA,0.192555208824258,Голос,NA,36,F,0,політична партія голос
Шубка Катерина Павлівна,115,NA,0.100911276695008,СН,NA,34,F,-0.09164393212925,політична партія слуга народу
Княжицький Микола Леонідович,116,NA,0.514523660754224,ЄС,політичної партії народний фронт,51,M,0.33598398600525,політична партія європейська солідарність
Подоляк Ірина Ігорівна,116,NA,0.178539674748974,Other,політичної партії обєднання самопоміч,52,F,0,політична партія обєднання самопоміч
Мельник Ростислав Леонідович,116,NA,0.171187289766456,СН,NA,41,M,-0.00735238498251736,політична партія слуга народу
Юринець Оксана Василівна,117,NA,0.607827041612443,самовисування,партії блок петра порошенка,41,F,0.402191068983576,самовисування
Фединяк Роман Анатолійович,117,NA,0.205635972628867,СН,NA,24,M,0,політична партія слуга народу
Рущишин Ярослав Іванович,117,NA,0.0925942576217923,Голос,NA,52,M,-0.113041715007075,політична партія голос
Дубневич Богдан Васильович,118,NA,0.616382870424032,самовисування,партії блок петра порошенка,57,M,0.458082253647553,самовисування
Федецький Артем Андрійович,118,NA,0.158300616776479,СН,NA,34,M,0,політична партія слуга народу
Васильченко Галина Іванівна,118,NA,0.125164224421118,Голос,NA,36,F,-0.0331363923553607,політична партія голос
Бондар Михайло Леонтійович,119,NA,0.706980580485522,ЄС,політичної партії народний фронт,46,M,0.623647694522205,політична партія європейська солідарність
Кавецький Орест Юрійович,119,NA,0.0833328859633168,СН,NA,31,M,0,політична партія слуга народу
Івах Сергій Ярославович,119,NA,0.0746064864213254,самовисування,NA,47,M,-0.00872639954199142,самовисування
Дубневич Ярослав Васильович,120,NA,0.671453058707655,самовисування,партії блок петра порошенка,50,M,0.483513280561169,самовисування
Елейко Тарас Васильович,120,NA,0.187939778146486,Голос,NA,46,M,0,політична партія голос
Голяк Леся Володимирівна,120,NA,0.0725418516900167,СН,NA,43,F,-0.115397926456469,політична партія слуга народу
Матківський Богдан Миронович,121,NA,0.402965403308183,Other,NA,39,M,0.0412114627374559,політична партія громадянська позиція
Задорожний Михайло Леонович,121,NA,0.361753940570728,ЄС,NA,53,M,0,політична партія європейська солідарність
Саламаха Орест Ігорович,121,NA,0.0892952691642189,СН,NA,28,M,-0.272458671406509,політична партія слуга народу
Самардак Ігор Степанович,122,NA,0.445741300099661,ЄС,NA,38,M,0.0725200107182958,політична партія європейська солідарність
Рибчинський Євген Юрійович,122,NA,0.373221289381366,ВОБ,політичної партії всеукраїнське обєднання батьківщина у верховній раді україни,50,M,0,політична партія всеукраїнське обєднання батьківщина
Шумський Андрій Миколайович,122,NA,0.0978513924366336,СН,NA,41,M,-0.275369896944732,політична партія слуга народу
Батенко Тарас Іванович,123,NA,0.438335969471367,самовисування,"Член депутатської фракції ПАРТІЇ ""БЛОК ПЕТРА ПОРОШЕНКА""",45,M,0.103798883840183,самовисування
Дуда Олег Романович,123,NA,0.334537085631185,ЄС,NA,43,M,0,політична партія європейська солідарність
Чолій Тарас Богданович,123,NA,0.116747832605492,Голос,NA,41,M,-0.217789253025692,політична партія голос
Семерак Остап Михайлович,124,NA,0.330406761139527,самовисування,"Член депутатської фракції ПАРТІЇ ""БЛОК ПЕТРА ПОРОШЕНКА""",47,M,0.0241349322813432,самовисування
Мусій Олег Степанович,124,NA,0.306271828858183,Other,NA,54,M,0,політична партія громадянська позиція
Ведровська Валентина Валентинівна,124,NA,0.150818947736024,Голос,NA,28,F,-0.15545288112216,політична партія голос
Лопушанський Андрій Ярославович,125,NA,0.662922834585953,самовисування,партії блок петра порошенка,57,M,0.521094237638122,самовисування
Яворський Микола Миколайович,125,NA,0.141828596947831,СН,NA,38,M,0,політична партія слуга народу
Качмарик Ярослав Дмитрович,125,NA,0.0817248192346488,ВОБ,NA,57,M,-0.0601037777131817,політична партія всеукраїнське обєднання батьківщина
Кіт Андрій Богданович,126,NA,0.683677592087015,самовисування,партії блок петра порошенка,48,M,0.556195039056074,самовисування
Наконечний Володимир Михайлович,126,NA,0.127482553030941,СН,NA,37,M,0,політична партія слуга народу
Гаврон Володимир Іванович,126,NA,0.11578965707051,Голос,NA,42,M,-0.0116928959604311,політична партія голос
Пасічний Олександр Станіславович,127,NA,0.493902347135628,СН,NA,47,M,0.0316040511037209,політична партія слуга народу
Козир Борис Юрійович,127,NA,0.462298296031907,самовисування,партії блок петра порошенка,44,M,0,самовисування
Курганський Григорій Миколайович,127,NA,0.023209878431246,Other,NA,39,M,-0.439088417600661,політична партія патріот
Ільюк Артем Олександрович,128,NA,0.555437484717917,самовисування,партія відродження,40,M,0.147023014500641,самовисування
Гайду Олександр Васильович,128,NA,0.408414470217276,СН,NA,43,M,0,політична партія слуга народу
Малярчук Ольга Іллівна,128,NA,0.0167197807352945,ЄС,NA,34,F,-0.391694689481982,політична партія європейська солідарність
Жолобецький Олександр Олександрович,129,NA,0.500363227224841,самовисування,партії блок петра порошенка,53,M,0.0447909990446727,самовисування
Копитін Ігор Володимирович,129,NA,0.455572228180168,СН,NA,38,M,0,політична партія слуга народу
Горбатко Іван Геннадійович,129,NA,0.0190317225499792,ЄС,NA,23,M,-0.436540505630189,політична партія європейська солідарність
Негулевський Ігор Петрович,130,NA,0.356824938790062,СН,NA,36,M,0.00381057266038037,політична партія слуга народу
Вадатурський Андрій Олексійович,130,NA,0.353014366129681,самовисування,партії блок петра порошенка,46,M,0,самовисування
Бриченко Ігор Віталійович,130,NA,0.272474035000928,самовисування,політичної партії народний фронт,49,M,-0.0805403311287535,самовисування
Лівік Олександр Петрович,131,NA,0.464772602427321,самовисування,партії блок петра порошенка,49,M,0.0453578240791078,самовисування
Чорноморов Артем Олегович,131,NA,0.419414778348213,СН,NA,31,M,0,політична партія слуга народу
Танасов Сергій Іванович,131,NA,0.0806514087304711,ЄС,NA,35,M,-0.338763369617742,політична партія європейська солідарність
Дирдін Максим Євгенович,132,NA,0.618512368044324,СН,NA,37,M,0.282808499016321,політична партія слуга народу
Підберезняк Вадим Іванович,132,NA,0.335703869028002,самовисування,політичної партії народний фронт,47,M,0,самовисування
Глушко Тимур Вікторович,132,NA,0.0180872263979317,ВОБ,NA,37,M,-0.317616642630071,політична партія всеукраїнське обєднання батьківщина
Дмитрук Артем Геннадійович,133,NA,0.761699564523435,СН,NA,26,M,0.690650531311403,політична партія слуга народу
Кириленко Павло Веніамінович,133,NA,0.0710490332120322,Свобода,NA,43,M,0,політична партія всеукраїнське обєднання свобода
Атєрлєй Дмитро Григорович,133,NA,0.0367661293214626,Голос,NA,43,M,-0.0342829038905696,політична партія голос
Чекіта Геннадій Леонідович,134,NA,0.68317814868992,самовисування,партії блок петра порошенка,53,M,0.462622196792561,самовисування
Колєв Олег Вікторович,134,NA,0.220555951897359,СН,NA,46,M,0,політична партія слуга народу
Червоненко Євген Альфредович,134,NA,0.0633485070212729,самовисування,NA,60,M,-0.157207444876086,самовисування
Ківалов Сергій Васильович,135,NA,0.54890326137887,самовисування,політичної партії опозиційний блок у верховній раді україни восьмого скликання,65,M,0.172791945347261,самовисування
Леонов Олексій Олександрович,135,NA,0.376111316031609,СН,NA,36,M,0,політична партія слуга народу
Березовський Андрій Андрійович,135,NA,0.0311977184196963,Other,NA,43,M,-0.344913597611912,політична партія громадянська позиція
Голубов Дмитро Іванович,136,NA,0.655333045959841,самовисування,партії блок петра порошенка,36,M,0.347797385168479,самовисування
Горенюк Олександр Олександрович,136,NA,0.307535660791362,СН,NA,28,M,0,політична партія слуга народу
Терешонков Віталій Володимирович,136,NA,0.0137154819606318,самовисування,NA,32,M,-0.29382017883073003,самовисування
Гончаренко Олексій Олексійович,137,NA,0.435725651911748,самовисування,партії блок петра порошенка,39,M,0.121934839462304,самовисування
Клімов Леонід Михайлович,137,NA,0.313790812449444,самовисування,партія відродження,66,M,0,самовисування
Муконін Олександр Вікторович,137,NA,0.206861284006835,СН,NA,43,M,-0.10692952844261,політична партія слуга народу
Фурсін Іван Геннадійович,138,NA,0.680292352728093,самовисування,воля народу,48,M,0.408648953458211,самовисування
Чернявський Степан Миколайович,138,NA,0.271643399269882,СН,NA,46,M,0,політична партія слуга народу
Полюганіч Ольга Василівна,138,NA,0.0267200808668403,ВОБ,NA,50,F,-0.244923318403042,політична партія всеукраїнське обєднання батьківщина
Пресман Олександр Семенович,139,NA,0.605989142795024,самовисування,партія відродження,58,M,0.267331829011399,самовисування
Васильковський Ігор Ігорович,139,NA,0.338657313783625,СН,NA,34,M,0,політична партія слуга народу
Слідзюк Володимир Володимирович,139,NA,0.0243670560509737,Голос,NA,38,M,-0.314290257732652,політична партія голос
Гуляєв Василь Олександрович,140,NA,0.647735811670903,самовисування,партія відродження,56,M,0.364053657396454,самовисування
Колебошин Сергій Валерійович,140,NA,0.283682154274449,СН,NA,42,M,0,політична партія слуга народу
Ткач Дмитро Володимирович,140,NA,0.0318631057806779,Голос,NA,39,M,-0.251819048493771,політична партія голос
Барвіненко Віталій Дмитрович,141,NA,0.627515103339248,самовисування,партія відродження,38,M,0.342540544436101,самовисування
Ткаченко Олександр Михайлович,141,NA,0.284974558903147,СН,NA,35,M,0,політична партія слуга народу
Резніченко Василь Іванович,141,NA,0.0553009675857957,самовисування,NA,39,M,-0.229673591317352,самовисування
Кіссе Антон Іванович,142,NA,0.451004767571577,самовисування,партія відродження,61,M,0.126849549339029,самовисування
Плохой Руслан Ігорович,142,NA,0.324155218232548,СН,NA,28,M,0,політична партія слуга народу
Димитрієв Сергій Гаврилович,142,NA,0.169164200257397,ОПЗЖ,NA,41,M,-0.15499101797515,політична партія опозиційна платформа за життя
Куртєв Віктор Владиславович,143,NA,0.678102645320786,СН,NA,40,M,0.543572308053853,політична партія слуга народу
Шкарівський Вадим Миколайович,143,NA,0.134530337266933,ОПЗЖ,NA,53,M,0,політична партія опозиційна платформа за життя
Стоянова Алла Андріївна,143,NA,0.084210303386048,ВОБ,NA,40,F,-0.0503200338808855,політична партія всеукраїнське обєднання батьківщина
Каплін Сергій Миколайович,144,NA,0.497347627890386,самовисування,"Член депутатської фракції ПАРТІЇ ""БЛОК ПЕТРА ПОРОШЕНКА""",40,M,0.0765312555977093,самовисування
Нальотов Дмитро Олександрович,144,NA,0.420816372292677,СН,NA,34,M,0,політична партія слуга народу
Бублик Олександр Васильович,144,NA,0.0420865798750688,самовисування,NA,39,M,-0.378729792417608,самовисування
Бублик Юрій Васильович,145,NA,0.476160090210648,самовисування,"Член депутатської фракції ПАРТІЇ ""БЛОК ПЕТРА ПОРОШЕНКА""",46,M,0.09819507273519,самовисування
Боблях Андрій Ростиславович,145,NA,0.377965017475459,СН,NA,34,M,0,політична партія слуга народу
Ніколаєнко Євген Анатолійович,145,NA,0.069664156030283,ЄС,NA,40,M,-0.308300861445176,політична партія європейська солідарність
Шаповалов Юрій Анатолійович,146,NA,0.522305319693286,самовисування,партія відродження,47,M,0.0755067261306183,самовисування
Урін Фелікс Олександрович,146,NA,0.446798593562668,СН,NA,35,M,0,політична партія слуга народу
Музика Геннадій Михайлович,146,NA,0.01047685092493,самовисування,NA,49,M,-0.436321742637738,самовисування
Кулініч Олег Іванович,147,NA,0.392930922793817,самовисування,партія відродження,53,M,0.0833063240374781,самовисування
Дудник Сергій Сергійович,147,NA,0.309624598756339,СН,NA,29,M,0,політична партія слуга народу
Кишкар Павло Миколайович,147,NA,0.20375527223678,Other,NA,39,M,-0.105869326519559,політична партія народний рух україни
Іщейкін Костянтин Євгенович,148,NA,0.711666522837358,самовисування,партії блок петра порошенка,44,M,0.468848378372594,самовисування
Ляшенко Анастасія Олексіївна,148,NA,0.242818144464765,СН,NA,33,F,0,політична партія слуга народу
Філоненко Олексій Іванович,148,NA,0.0158501638254384,самовисування,NA,46,M,-0.226967980639326,самовисування
Река Андрій Олександрович,149,NA,0.319474323732491,самовисування,політичної партії народний фронт,66,M,0.00164352472353968,самовисування
Вітко Артем Леонідович,149,NA,0.317830799008952,самовисування,радикальної партії олега ляшка,36,M,0,самовисування
Касай Костянтин Іванович,149,NA,0.285322903329695,СН,NA,40,M,-0.0325078956792564,політична партія слуга народу
Жеваго Костянтин Валентинович,150,NA,0.480963210777684,самовисування,"Член депутатської фракції ПАРТІЇ ""БЛОК ПЕТРА ПОРОШЕНКА""",45,M,0.0918749920588985,самовисування
Мовчан Олексій Васильович,150,NA,0.389088218718785,СН,NA,25,M,0,політична партія слуга народу
Гуйда Оксана Анатоліївна,150,NA,0.0554473968555816,Голос,NA,47,F,-0.333640821863204,політична партія голос
Кривенко Віктор Миколайович,151,NA,0.451889463875851,самовисування,"Член депутатської фракції ПАРТІЇ ""БЛОК ПЕТРА ПОРОШЕНКА""",37,M,0.11201630829421,самовисування
Богдан Руслан Дмитрович,151,NA,0.339873155581641,ВОБ,політичної партії всеукраїнське обєднання батьківщина у верховній раді україни,47,M,0,політична партія всеукраїнське обєднання батьківщина
Березін Максим Юрійович,151,NA,0.165046368896285,СН,NA,35,M,-0.174826786685356,політична партія слуга народу
Осуховський Олег Іванович,152,NA,0.581321993164065,Свобода,NA,41,M,0.269669014389697,політична партія всеукраїнське обєднання свобода
Ковальчук Олександр Володимирович,152,NA,0.311652978774368,СН,NA,45,M,0,політична партія слуга народу
Муляренко Олексій Віталійович,152,NA,0.0415796522052239,самовисування,NA,43,M,-0.270073326569145,самовисування
Вознюк Юрій Володимирович,153,NA,0.697086773323695,самовисування,політичної партії народний фронт,39,M,0.490366701908288,самовисування
Іванісов Роман Валерійович,153,NA,0.206720071415407,СН,NA,41,M,0,політична партія слуга народу
Ундір Віталій Олександрович,153,NA,0.0788273813037103,ЄС,NA,39,M,-0.127892690111697,політична партія європейська солідарність
Дехтярчук Олександр Володимирович,154,NA,0.496771402875411,самовисування,партії блок петра порошенка,48,M,0.107395412636813,самовисування
Луценко Ігор Вікторович,154,NA,0.389375990238597,ВОБ,політичної партії всеукраїнське обєднання батьківщина у верховній раді україни,41,M,0,політична партія всеукраїнське обєднання батьківщина
Аліксійчук Олександр Васильович,154,NA,0.0925943417757681,СН,NA,38,M,-0.296781648462829,політична партія слуга народу
Яніцький Василь Петрович,155,NA,0.51870776584938,самовисування,партії блок петра порошенка,46,M,0.123101374070531,самовисування
Войціцька Вікторія Михайлівна,155,NA,0.395606391778849,Голос,політичної партії обєднання самопоміч,45,F,0,політична партія голос
Рашовський Володимир Володимирович,155,NA,0.0674798274024748,СН,NA,45,M,-0.328126564376374,політична партія слуга народу
Литвиненко Сергій Анатолійович,156,NA,0.597114948360626,СН,NA,51,M,0.444041544790139,політична партія слуга народу
Данильчук Олександр Юрійович,156,NA,0.153073403570487,самовисування,NA,60,M,0,самовисування
Пехотін Андрій Васильович,156,NA,0.108656479469025,Голос,NA,32,M,-0.0444169241014623,політична партія голос
Медуниця Олег Вячеславович,157,NA,0.49643170061723,самовисування,політичної партії народний фронт,48,M,0.126123336497947,самовисування
Рябуха Тетяна Василівна,157,NA,0.370308364119283,СН,NA,35,F,0,політична партія слуга народу
Чмирь Юрій Павлович,157,NA,0.0582737101739592,самовисування,NA,47,M,-0.312034653945323,самовисування
Сугоняко Олександр Леонідович,158,NA,0.46857939450278,самовисування,партії блок петра порошенка,61,M,0.0107142092016681,самовисування
Васильєв Ігор Сергійович,158,NA,0.457865185301112,СН,NA,35,M,0,політична партія слуга народу
Оскер Олексій Генріхович,158,NA,0.0388034676103224,самовисування,NA,34,M,-0.41906171769079,самовисування
Деркач Андрій Леонідович,159,NA,0.634664894962945,самовисування,"Член депутатської фракції ПАРТІЇ ""БЛОК ПЕТРА ПОРОШЕНКА""",52,M,0.349017487063902,самовисування
Шевченко Дмитро Станіславович СН,159,NA,0.285647407899043,СН,NA,42,M,0,політична партія слуга народу
Козлов Роман Євгенович,159,NA,0.0348497536793226,Other,NA,37,M,-0.25079765421972,політична партія удар український демократичний альянс за реформи віталія кличка
Молоток Ігор Федорович,160,NA,0.554816910958264,самовисування,воля народу,52,M,0.145223010085507,самовисування
Сахнюк Тетяна Володимирівна,160,NA,0.409593900872758,СН,NA,23,F,0,політична партія слуга народу
Бондаренко Ярослав Володимирович,160,NA,0.0142282579432202,самовисування,NA,41,M,-0.395365642929537,самовисування
Гузенко Максим Васильович,161,NA,0.484639442779782,СН,NA,38,M,0.254824427453568,політична партія слуга народу
Свирид Анатолій Олексійович,161,NA,0.229815015326214,самовисування,"Член депутатської фракції ПАРТІЇ ""БЛОК ПЕТРА ПОРОШЕНКА""",41,M,0,самовисування
Пашко Олександр Сергійович,161,NA,0.158769774781351,самовисування,NA,34,M,-0.071045240544863,самовисування
Задорожній Микола Миколайович,162,NA,0.817376417940024,СН,NA,35,M,0.744427555883787,політична партія слуга народу
Лозовий Іван Іванович,162,NA,0.0729488620562378,самовисування,NA,58,M,0,самовисування
Рибалко Андрій Петрович,162,NA,0.0664481923968232,самовисування,NA,31,M,-0.00650066965941461,самовисування
Барна Степан Степанович,163,NA,0.430482501228971,ЄС,NA,40,M,0.158605081890508,політична партія європейська солідарність
Пастух Тарас Тимофійович,163,NA,0.271877419338463,Other,політичної партії обєднання самопоміч,41,M,0,політична партія обєднання самопоміч
Побер Ігор Миколайович,163,NA,0.133524553614867,Other,партії блок петра порошенка,51,M,-0.138352865723596,політична партія удар український демократичний альянс за реформи віталія кличка
Головко Михайло Йосифович,164,NA,0.548291860176806,Свобода,NA,36,M,0.247932699545475,політична партія всеукраїнське обєднання свобода
Василів Ігор Володимирович,164,NA,0.300359160631331,СН,NA,40,M,0,політична партія слуга народу
Чоботарь Валерій Георгійович,164,NA,0.0668776723476849,ЄС,NA,43,M,-0.233481488283646,політична партія європейська солідарність
Юрик Тарас Зіновійович,165,NA,0.654297162381903,ЄС,партії блок петра порошенка,39,M,0.453360870383299,політична партія європейська солідарність
Репела Петро Йосипович,165,NA,0.200936291998603,ВОБ,NA,49,M,0,політична партія всеукраїнське обєднання батьківщина
Кісілевич Володимир Володимирович,165,NA,0.105621354767368,СН,NA,25,M,-0.0953149372312351,політична партія слуга народу
Люшняк Микола Володимирович,166,NA,0.690555203265574,самовисування,партії блок петра порошенка,45,M,0.570531056431243,самовисування
Сопель Ігор Михайлович,166,NA,0.120024146834331,СН,NA,45,M,0,політична партія слуга народу
Бліхар Володимир Васильович,166,NA,0.102667706575747,ВОБ,NA,40,M,-0.0173564402585841,політична партія всеукраїнське обєднання батьківщина
Барна Олег Степанович,167,NA,0.708904422511172,ЄС,партії блок петра порошенка,52,M,0.589769354785194,політична партія європейська солідарність
Сиротюк Олег Мирославович,167,NA,0.119135067725978,Свобода,NA,41,M,0,політична партія всеукраїнське обєднання свобода
Гевко Володимир Леонідович,167,NA,0.0981532585362861,СН,NA,44,M,-0.020981809189692,політична партія слуга народу
Писаренко Валерій Володимирович,168,NA,0.597583788173868,самовисування,партія відродження,39,M,0.238667569285182,самовисування
Мезенцева Марія Сергіївна,168,NA,0.358916218888686,СН,NA,30,F,0,політична партія слуга народу
Семиноженко Володимир Петрович,168,NA,0.0294680253495276,самовисування,NA,69,M,-0.329448193539159,самовисування
Грановський Олександр Михайлович,169,NA,0.368786508922455,самовисування,партії блок петра порошенка,40,M,0.0372632815041382,самовисування
Кірш Олександр Вікторович,169,NA,0.331523227418316,самовисування,політичної партії народний фронт,58,M,0,самовисування
Куницький Олександр Олегович,169,NA,0.282824108764602,СН,NA,36,M,-0.0486991186537148,політична партія слуга народу
Одарченко Андрій Миколайович,170,NA,0.48958422932122,СН,NA,41,M,0.00455379625411184,політична партія слуга народу
Святаш Дмитро Володимирович,170,NA,0.485030433067108,ОПЗЖ,партія відродження,48,M,0,політична партія опозиційна платформа за життя
Нестерук Валерій Миколайович,170,NA,0.00932387246677476,самовисування,NA,53,M,-0.475706560600333,самовисування
Кінзбурська Вікторія Олександрівна,171,NA,0.936456239329471,СН,NA,39,F,0.915838259472327,політична партія слуга народу
Кушнарьов Сергій Петрович,171,NA,0.0206179798571435,самовисування,NA,57,M,0,самовисування
Лесик Андрій Анатолійович,171,NA,0.0158435016114053,ОПЗЖ,NA,38,M,-0.00477447824573818,політична партія опозиційна платформа за життя
Мисик Володимир Юрійович,172,NA,0.632445544566061,самовисування,партія відродження,54,M,0.293607714125034,самовисування
Здебський Юрій Вікторович,172,NA,0.338837830441027,СН,NA,47,M,0,політична партія слуга народу
Плотніков Роман Олексійович,172,NA,0.0103561706439736,ЄС,NA,38,M,-0.328481659797053,політична партія європейська солідарність
Денисенко Анатолій Петрович,173,NA,0.566078874377528,самовисування,"Член депутатської фракції ПАРТІЇ ""БЛОК ПЕТРА ПОРОШЕНКА""",48,M,0.152240869129029,самовисування
Бакумов Олександр Сергійович,173,NA,0.413838005248499,СН,NA,30,M,0,політична партія слуга народу
Лаврінець Ігор Олександрович,173,NA,0.00943485202457134,ЄС,NA,23,M,-0.404403153223928,політична партія європейська солідарність
Фельдман Олександр Борисович,174,NA,0.556778804152567,самовисування,воля народу,59,M,0.137500381862155,самовисування
Алєксєйчук Вікторія Іванівна,174,NA,0.419278422290411,СН,NA,42,F,0,політична партія слуга народу
Каленюк Сергій Іванович,174,NA,0.00955927193211079,самовисування,NA,55,M,-0.409719150358301,самовисування
Пивоваров Євген Павлович,175,NA,0.658918828660458,СН,NA,41,M,0.355046911628803,політична партія слуга народу
Кацуба Володимир Михайлович,175,NA,0.303871917031655,ОПОБЛОК,партія відродження,62,M,0,політична партія опозиційний блок
Кисіль Віктор Васильович,175,NA,0.0156465296145627,Голос,NA,47,M,-0.288225387417093,політична партія голос
Счисльонок Олександр Васильович,176,NA,0.351555418637718,СН,NA,57,M,0.0303452275499064,політична партія слуга народу
Шенцев Дмитро Олексійович,176,NA,0.321210191087812,ОПОБЛОК,політичної партії опозиційний блок у верховній раді україни восьмого скликання,55,M,0,політична партія опозиційний блок
Новицький Дмитро Володимирович,176,NA,0.309187125988008,ОПЗЖ,NA,35,M,-0.0120230650998042,політична партія опозиційна платформа за життя
Любота Дмитро Валерійович,177,NA,0.525218705404993,СН,NA,38,M,0.201160166488595,політична партія слуга народу
Остапчук Віктор Миколайович,177,NA,0.324058538916398,ОПОБЛОК,партія відродження,64,M,0,політична партія опозиційний блок
Радьков Сергій Миколайович,177,NA,0.121366271202381,ОПЗЖ,NA,56,M,-0.202692267714017,політична партія опозиційна платформа за життя
Літвінов Олександр Миколайович,178,NA,0.544430121505395,СН,NA,47,M,0.131686386450801,політична партія слуга народу
Добкін Дмитро Маркович,178,NA,0.412743735054594,ОПОБЛОК,політичної партії опозиційний блок у верховній раді україни восьмого скликання,44,M,0,політична партія опозиційний блок
Білокудря Валерій Миколайович,178,NA,0.0301182857354652,ОПЗЖ,NA,60,M,-0.382625449319129,політична партія опозиційна платформа за життя
Гіршфельд Анатолій Мусійович,179,NA,0.532975483493889,самовисування,воля народу,62,M,0.0855278044902634,самовисування
Кучер Олексій Володимирович,179,NA,0.447447679003626,СН,NA,34,M,0,політична партія слуга народу
Коба Сергій Олексійович,179,NA,0.00794231987215969,ЄС,NA,49,M,-0.439505359131466,політична партія європейська солідарність
Біловол Олександр Миколайович,180,NA,0.588258118932268,самовисування,партія відродження,57,M,0.201992465043592,самовисування
Красов Олексій Ігорович,180,NA,0.386265653888675,СН,NA,32,M,0,політична партія слуга народу
Кравцов Іван Анатолійович,180,NA,0.0117620003646011,ЄС,NA,40,M,-0.374503653524074,політична партія європейська солідарність
Микиша Дмитро Сергійович,181,NA,0.866507998355493,СН,NA,34,M,0.802547943566192,політична партія слуга народу
Кошеленко Віталій Анатолійович,181,NA,0.0639600547893007,самовисування,NA,47,M,0,самовисування
Строгий Олександр Федорович,181,NA,0.0368564139604723,самовисування,NA,61,M,-0.0271036408288284,самовисування
Павліш Павло Васильович,182,NA,0.597116982657712,СН,NA,40,M,0.255562437034636,політична партія слуга народу
Співаковський Олександр Володимирович,182,NA,0.341554545623076,самовисування,партії блок петра порошенка,62,M,0,самовисування
Білецький Павло Сергійович,182,NA,0.0278518265961565,Голос,NA,36,M,-0.31370271902692,політична партія голос
Вагнєр Вікторія Олександрівна,183,NA,0.775025278631662,СН,NA,38,F,0.663848894154912,політична партія слуга народу
Одарченко Юрій Віталійович,183,NA,0.111176384476749,ВОБ,політичної партії всеукраїнське обєднання батьківщина у верховній раді україни,59,M,0,політична партія всеукраїнське обєднання батьківщина
Кирилов Юрій Євгенович,183,NA,0.0449763560661625,ЄС,NA,39,M,-0.066200028410587,політична партія європейська солідарність
Репілевський Данило Едуардович,184,NA,0.456781499218707,СН,NA,32,M,0.0180444399900244,політична партія слуга народу
Вінник Іван Юлійович,184,NA,0.438737059228683,самовисування,партії блок петра порошенка,40,M,0,самовисування
Гречана Світлана Юріївна,184,NA,0.080477783931311,ВОБ,NA,46,F,-0.358259275297372,політична партія всеукраїнське обєднання батьківщина
Іванов Володимир Ілліч,185,NA,0.489807640409858,СН,NA,37,M,0.0993057262282973,політична партія слуга народу
Хлань Сергій Володимирович,185,NA,0.390501914181561,самовисування,партії блок петра порошенка,47,M,0,самовисування
Філіпчук Павло Ігорович,185,NA,0.0471201226686475,ОПЗЖ,NA,36,M,-0.343381791512913,політична партія опозиційна платформа за життя
Ковальов Олексій Іванович,186,NA,0.571765576501544,СН,NA,30,M,0.247749182810242,політична партія слуга народу
Негой Федір Федорович,186,NA,0.324016393691302,самовисування,партії блок петра порошенка,61,M,0,самовисування
Рибалко Сергій Вікторович,186,NA,0.0404449825909955,ОПЗЖ,NA,51,M,-0.283571411100306,політична партія опозиційна платформа за життя
Мельник Сергій Іванович,187,NA,0.748774075606669,самовисування,партії блок петра порошенка,54,M,0.566307936432801,самовисування
Стефанчук Микола Олексійович,187,NA,0.182466139173868,СН,NA,38,M,0,політична партія слуга народу
Діденко Віталій Васильович,187,NA,0.0334677510488732,Свобода,NA,44,M,-0.148998388124995,політична партія всеукраїнське обєднання свобода
Лабазюк Сергій Петрович,188,NA,0.923225095570166,самовисування,воля народу,39,M,0.891909545599371,самовисування
Бочкарьова Оксана Валеріївна,188,NA,0.0313155499707953,СН,NA,43,F,0,політична партія слуга народу
Кліщ Віктор Васильович,188,NA,0.0231439461988362,самовисування,NA,57,M,-0.00817160377195908,самовисування
Шинькович Андрій Васильович,189,NA,0.726208207597894,самовисування,партії блок петра порошенка,43,M,0.587820698852312,самовисування
Яцков Борис Олександрович,189,NA,0.138387508745582,самовисування,"Член депутатської групи ""Партія ""Відродження""",53,M,0,самовисування
Буханевич Олександр Миколайович,189,NA,0.0597867442182566,самовисування,NA,42,M,-0.0786007645273255,самовисування
Мацола Роман Миколайович,190,NA,0.872682623651845,самовисування,партії блок петра порошенка,45,M,0.797490457992542,самовисування
Жмеренецький Олексій Сергійович,190,NA,0.0751921656593032,СН,NA,33,M,0,політична партія слуга народу
Щербина Андрій Ігорович,190,NA,0.0188016699597595,самовисування,NA,39,M,-0.0563904956995437,самовисування
Бондар Віктор Васильович,191,NA,0.908995278436772,самовисування,партія відродження,44,M,0.87824963224413,самовисування
Потапова Марина Валеріївна,191,NA,0.0307456461926424,СН,NA,45,F,0,політична партія слуга народу
Бойко Михайло Дмитрович,191,NA,0.0232133251949999,самовисування,NA,50,M,-0.00753232099764248,самовисування
Герега Олександр Володимирович,192,NA,0.912547998176244,самовисування,"Член депутатської групи ""Партія ""Відродження""",52,M,0.869160549665472,самовисування
Гуменюк Василь Васильович,192,NA,0.0433874485107721,СН,NA,30,M,0,політична партія слуга народу
Коваль Сергій Володимирович,192,NA,0.0178093936288805,самовисування,NA,40,M,-0.0255780548818916,самовисування
Мельниченко Володимир Володимирович,193,NA,0.875438180036396,самовисування,партії блок петра порошенка,54,M,0.816614107566904,самовисування
Посітко Михайло Володимирович,193,NA,0.0588240724694917,Свобода,NA,34,M,0,політична партія всеукраїнське обєднання свобода
Сморжевський Станіслав Броніславович,193,NA,0.02763746103017,самовисування,NA,49,M,-0.0311866114393217,самовисування
Шпак Любов Олександрівна,194,NA,0.830835523833162,СН,NA,39,F,0.781596030330158,політична партія слуга народу
Рибченко Олександр Володимирович,194,NA,0.0492394935030039,самовисування,NA,57,M,0,самовисування
Рубан Сергій Леонідович,194,NA,0.0470202471911542,ЄС,NA,32,M,-0.00221924631184966,політична партія європейська солідарність
Арсенюк Олег Олексійович,195,NA,0.689543174030141,СН,NA,33,M,0.489355718683748,політична партія слуга народу
Квітка Віктор Володимирович,195,NA,0.200187455346393,самовисування,NA,53,M,0,самовисування
Пошиваник Микола Михайлович,195,NA,0.0458131906509646,самовисування,NA,46,M,-0.154374264695428,самовисування
Бобов Геннадій Борисович,196,NA,0.773534031272132,самовисування,партія відродження,54,M,0.580962492063106,самовисування
Стріхарський Андрій Петрович,196,NA,0.192571539209026,СН,NA,38,M,0,політична партія слуга народу
Коваль Сергій Валентинович,196,NA,0.0134331901922531,Other,NA,52,M,-0.179138349016773,політична партія народний рух україни
Голуб Владислав Володимирович,197,NA,0.729187736117505,самовисування,"Член депутатської групи ""Партія ""Відродження""",36,M,0.48341167291447,самовисування
Скічко Олександр Олександрович,197,NA,0.245776063203035,СН,NA,28,M,0,політична партія слуга народу
Доманський Володимир Миколайович,197,NA,0.0103211104258471,самовисування,NA,46,M,-0.235454952777188,самовисування
Рудик Сергій Ярославович,198,NA,0.823220161306951,самовисування,партії блок петра порошенка,49,M,0.736432916258896,самовисування
Супрун Людмила Павлівна,198,NA,0.0867872450480556,самовисування,NA,54,F,0,самовисування
Кармазін Юрій Анатолійович,198,NA,0.0398582322717338,самовисування,NA,62,M,-0.0469290127763218,самовисування
Ничипоренко Валентин Миколайович,199,NA,0.500343244027014,самовисування,"Член депутатської групи ""Партія ""Відродження""",58,M,0.102638175329274,самовисування
Заліщук Світлана Петрівна,199,NA,0.39770506869774,самовисування,"Член депутатської групи ""Воля народу""",37,F,0,самовисування
Нагорняк Сергій Володимирович,199,NA,0.0524318994790863,СН,NA,37,M,-0.345273169218653,політична партія слуга народу
Яценко Антон Володимирович,200,NA,0.83097129435399,самовисування,партія відродження,42,M,0.738547435581581,самовисування
Воронцова Олена Володимирівна,200,NA,0.0924238587724089,СН,NA,38,F,0,політична партія слуга народу
Затишняк Олександр Володимирович,200,NA,0.0334964432881458,самовисування,NA,33,M,-0.0589274154842631,самовисування
Продан Оксана Петрівна,201,NA,0.375228371805601,самовисування,партії блок петра порошенка,45,F,0.0609157424174931,самовисування
Федорук Микола Трохимович,201,NA,0.314312629388107,самовисування,політичної партії народний фронт,65,M,0,самовисування
Лис Олена Георгіївна,201,NA,0.270220845333035,СН,NA,48,F,-0.0440917840550729,політична партія слуга народу
Рибак Іван Петрович,202,NA,0.599862435879765,самовисування,партії блок петра порошенка,41,M,0.32866579885944,самовисування
Заремський Максим Валентинович,202,NA,0.271196637020325,СН,NA,28,M,0,політична партія слуга народу
Тодеренчук Василь Мірчович,202,NA,0.0670296376042855,самовисування,NA,47,M,-0.204166999416039,самовисування
Тіміш Григорій Іванович,203,NA,0.49612572219301,самовисування,партії блок петра порошенка,49,M,0.163674031882063,самовисування
Мазурашу Георгій Георгійович,203,NA,0.332451690310947,СН,NA,48,M,0,політична партія слуга народу
Панчук Петро Володимирович,203,NA,0.0697420248399671,самовисування,NA,48,M,-0.26270966547098,самовисування
Бурбак Максим Юрійович,204,NA,0.547348829079019,самовисування,політичної партії народний фронт,43,M,0.201778378922993,самовисування
Божик Валерій Іванович,204,NA,0.345570450156027,СН,NA,48,M,0,політична партія слуга народу
Бойко Андрій Юліанович,204,NA,0.067096925930208,самовисування,NA,47,M,-0.278473524225819,самовисування
Куліч Валерій Петрович,205,NA,0.617936096016233,самовисування,"Член депутатської групи ""Воля народу""",46,M,0.381646976462897,самовисування
Семінський Олег Валерійович,205,NA,0.236289119553337,СН,NA,46,M,0,політична партія слуга народу
Ткаченко Володимир Володимирович,205,NA,0.104033845816671,самовисування,"Член депутатської групи ""Воля народу""",55,M,-0.132255273736666,самовисування
Микитась Максим Вікторович,206,NA,0.634951843197792,самовисування,воля народу,39,M,0.334131261070974,самовисування
Поляков Антон Едуардович,206,NA,0.300820582126818,СН,NA,32,M,0,політична партія слуга народу
Ткаченко Григорій Михайлович,206,NA,0.0260115512623295,Other,NA,52,M,-0.274809030864488,аграрна партія україни
Євлахов Анатолій Сергійович,207,NA,0.704837459993678,самовисування,партії блок петра порошенка,38,M,0.596604955690233,самовисування
Зуєв Максим Сергійович,207,NA,0.108232504303445,СН,NA,37,M,0,політична партія слуга народу
Ярова Алла Артурівна,207,NA,0.077312371927047,самовисування,NA,52,F,-0.0309201323763979,самовисування
Давиденко Валерій Миколайович,208,NA,0.812604827773435,самовисування,партії блок петра порошенка,46,M,0.705198159277603,самовисування
Панченко Антон Олександрович,208,NA,0.107406668495832,СН,NA,24,M,0,політична партія слуга народу
Гайдукевич Валерій Володимирович,208,NA,0.0327819068711968,самовисування,NA,49,M,-0.0746247616246349,самовисування
Кодола Олександр Михайлович,209,NA,0.817186201963515,самовисування,політичної партії народний фронт,37,M,0.745335580966374,самовисування
Зуб Валерій Олексійович,209,NA,0.0718506209971411,СН,NA,49,M,0,політична партія слуга народу
Зубицька Любов Миколаївна,209,NA,0.0441695937810805,самовисування,NA,36,F,-0.0276810272160606,самовисування
Дмитренко Олег Миколайович,210,NA,0.743263044778311,самовисування,партії блок петра порошенка,46,M,0.624086278926351,самовисування
Пахомов Дмитро Анатолійович,210,NA,0.11917676585196,СН,NA,33,M,0,політична партія слуга народу
Коровченко Сергій Володимирович,210,NA,0.0786706640954587,самовисування,"Член депутатської фракції Політичної партії ""НАРОДНИЙ ФРОНТ""",40,M,-0.0405061017565014,самовисування
Юрченко Олександр Миколайович,211,NA,0.49753714345849,СН,NA,31,M,0.297903437678688,політична партія слуга народу
Козак Тарас Мирославович,211,NA,0.199633705779802,Голос,NA,49,M,0,політична партія голос
Прокопів Володимир Володимирович,211,NA,0.16546123826491899,ЄС,NA,36,M,-0.0341724675148825,політична партія європейська солідарність
Сташук Віталій Филимонович,212,NA,0.638707978631671,самовисування,політичної партії народний фронт,47,M,0.421839676963685,самовисування
Перебийніс Максим Вікторович,212,NA,0.216868301667986,СН,NA,45,M,0,політична партія слуга народу
Задерейко Андрій Іванович,212,NA,0.0724696544752581,ЄС,NA,42,M,-0.144398647192728,політична партія європейська солідарність
Береза Борислав Юхимович,213,NA,0.458885236100643,самовисування,"Член депутатської фракції ПАРТІЇ ""БЛОК ПЕТРА ПОРОШЕНКА""",45,M,0.0530918195768466,самовисування
Дубнов Артем Васильович,213,NA,0.405793416523796,СН,NA,31,M,0,політична партія слуга народу
Старостенко Ганна Вікторівна,213,NA,0.0531927469143996,ЄС,NA,41,F,-0.352600669609397,політична партія європейська солідарність
Швець Сергій Федорович,214,NA,0.355659349449651,СН,NA,43,M,0.0609621585347683,політична партія слуга народу
Чумак Віктор Васильович,214,NA,0.294697190914882,Other,NA,61,M,0,політична партія громадянський рух хвиля
Фарфанюк Мирослав Андрійович,214,NA,0.15254523675108,самовисування,NA,48,M,-0.142151954163802,самовисування
Яременко Богдан Васильович,215,NA,0.576845443594987,СН,NA,48,M,0.301919732408786,політична партія слуга народу
Іллєнко Андрій Юрійович,215,NA,0.274925711186202,Свобода,NA,32,M,0,політична партія всеукраїнське обєднання свобода
Кузьменко Андрій Павлович,215,NA,0.0842492627314731,Голос,NA,46,M,-0.190676448454729,політична партія голос
Супруненко Олександр Іванович,216,NA,0.512311675061747,самовисування,воля народу,48,M,0.155828280954993,самовисування
Забуранна Леся Валентинівна,216,NA,0.356483394106755,СН,NA,38,F,0,політична партія слуга народу
Тесленко Павло Петрович,216,NA,0.0567384097376524,самовисування,NA,46,M,-0.299744984369102,самовисування
Безугла Маряна Володимирівна,217,NA,0.534952867888431,СН,NA,31,F,0.321328243249821,політична партія слуга народу
Костенко Людмила Василівна,217,NA,0.213624624638611,ЄС,NA,40,F,0,політична партія європейська солідарність
Сорока Іван Миколайович,217,NA,0.11002057973023,ВОБ,NA,52,M,-0.103604044908381,політична партія всеукраїнське обєднання батьківщина
Гурін Дмитро Олександрович,218,NA,0.625397916490992,СН,NA,37,M,0.434367613395655,політична партія слуга народу
Плахтій Леся Вікторівна,218,NA,0.191030303095336,ОПЗЖ,NA,40,F,0,політична партія опозиційна платформа за життя
Коновал Тарас Павлович,218,NA,0.12402944774036,самовисування,NA,39,M,-0.0670008553549756,самовисування
Третьяков Олександр Юрійович,219,NA,0.667917319443613,самовисування,партії блок петра порошенка,49,M,0.479538604463951,самовисування
Тищенко Микола Миколайович,219,NA,0.188378714979662,СН,NA,47,M,0,політична партія слуга народу
Грабар Микола Федорович,219,NA,0.0979154364840831,самовисування,NA,57,M,-0.090463278495579,самовисування
Лещенко Сергій Анатолійович,220,NA,0.736823710876108,самовисування,"Член депутатської фракції Політичної партії ""НАРОДНИЙ ФРОНТ""",39,M,0.598081678342452,самовисування
Бондар Ганна Вячеславівна,220,NA,0.138742032533655,СН,NA,44,F,0,політична партія слуга народу
Окопний Олексій Юрійович,220,NA,0.0868578466406407,ЄС,NA,35,M,-0.0518841858930148,політична партія європейська солідарність
Ємець Леонід Олександрович,221,NA,0.531769911291735,Голос,політичної партії народний фронт,40,M,0.323605834111026,політична партія голос
Пуртова Анна Анатоліївна,221,NA,0.208164077180709,СН,NA,37,F,0,політична партія слуга народу
Терентьєв Михайло Олександрович,221,NA,0.18022744399625,ЄС,NA,34,M,-0.027936633184459,політична партія європейська солідарність
Андрієвський Дмитро Йосипович,222,NA,0.577760785430015,самовисування,партії блок петра порошенка,52,M,0.20012734586278,самовисування
Грищук Роман Павлович,222,NA,0.377633439567235,СН,NA,30,M,0,політична партія слуга народу
Луцький Максим Георгійович,222,NA,0.0231748559787153,ОПЗЖ,NA,43,M,-0.35445858358852,політична партія опозиційна платформа за життя
Пташник Вікторія Юріївна,223,NA,0.467450416884677,Голос,NA,36,F,0.201732893835394,політична партія голос
Левченко Юрій Володимирович,223,NA,0.265717523049283,Свобода,NA,35,M,0,політична партія всеукраїнське обєднання свобода
Буймістер Людмила Анатоліївна,223,NA,0.175227539919806,СН,NA,34,F,-0.0904899831294771,політична партія слуга народу
