deputat,tvo,winner,likelihood,proposed,fraction,age,gender,spread
Гижко Андрій Петрович,11,1,0.362527480032736,європейська солідарність,NA,41,M,0.0264783364435844
Кудлаєнко Сергій Володимирович,11,0,0.336049143589152,БПП,БПП,44,M,0
Пашковський Максим Ігорович,11,0,0.167696891756648,слуга народу,NA,36,M,-0.168352251832504
Грушко Сергій Сергійович,12,1,0.601138956647543,опозиційна платформа за життя,NA,29,M,0.383314192647185
Драбовський Анатолій Григорович,12,0,0.217824764000358,слуга народу,NA,61,M,0
ВерланКульшенко Олена Олександрівна,12,0,0.0683397837303198,європейська солідарність,NA,48,F,-0.149484980270038
Юрчишин Петро Васильович,13,1,0.645609080832492,БПП,БПП,61,M,0.477277888239308
Максименко Юрій Володимирович,13,0,0.168331192593184,слуга народу,NA,38,M,0
Крученюк Олександр Васильович,13,0,0.0831407976185811,європейська солідарність,NA,41,M,-0.0851903949746033
Мельничук Іван Іванович,14,1,0.721692917629379,європейська солідарність,БПП,50,M,0.617846457692134
Борзова Ірина Наумівна,14,0,0.103846459937245,слуга народу,NA,37,F,0
Юхимчук Анатолій Петрович,14,0,0.0873535083698381,unaffiliated,NA,60,M,-0.0164929515674069
Спориш Іван Дмитрович,15,1,0.535448477781245,БПП,БПП,60,M,0.14865347272641
Пращук Віталій Юрійович,15,0,0.386795005054834,слуга народу,NA,39,M,0
Копера Дмитро Васильович,15,0,0.0326934858026221,батьківщина,NA,37,M,-0.354101519252212
Македон Юрій Миколайович,16,1,0.657563385791417,БПП,БПП,39,M,0.404459121660462
Вдовцов Михайло Михайлович,16,0,0.253104264130955,європейська солідарність,NA,39,M,0
Томляк Таїса Сергіївна,16,0,0.0494538063857429,слуга народу,NA,27,F,-0.203650457745213
Кучер Микола Іванович,17,1,0.691277850843212,БПП,БПП,60,M,0.484741180884648
Коваль Олександр Леонідович,17,0,0.206536669958563,слуга народу,NA,38,M,0
Грамарчук Олександр Леонідович,17,0,0.046364303277238,європейська солідарність,NA,37,M,-0.160172366681325
Демчак Руслан Євгенійович,18,1,0.739599172685156,БПП,БПП,45,M,0.577971601663585
Довгань Павло Олегович,18,0,0.161627571021571,слуга народу,NA,23,M,0
Калетнік Григорій Миколайович,18,0,0.0654718762079287,unaffiliated,NA,70,M,-0.0961556948136424
Гузь Ігор Володимирович,19,1,0.642182716207907,народний фронт,політичної партії народний фронт,37,M,0.371221615562253
Мисковець Назар Сергійович,19,0,0.270961100645654,слуга народу,NA,31,M,0
Григоренко Сергій Анатолійович,19,0,0.057374101108915,європейська солідарність,NA,40,M,-0.213586999536739
Мартиняк Сергій Васильович,20,1,0.601708675018947,воля народу,воля народу,48,M,0.386344927186168
Рубльов Вячеслав Володимирович,20,0,0.215363747832779,слуга народу,NA,40,M,0
Мирка Іван Іванович,20,0,0.140666990448016,європейська солідарність,NA,39,M,-0.0746967573847624
Івахів Степан Петрович,21,1,0.682204388433897,воля народу,воля народу,51,M,0.465998673883483
Лев Андрій Миколайович,21,0,0.216205714550413,слуга народу,NA,36,M,0
Кошарук Сергій Дмитрович,21,0,0.0759958154051481,європейська солідарність,NA,46,M,-0.140209899145265
Пісачук Сергій Васильович,22,1,0.661425910974905,слуга народу,NA,43,M,0.479174364145467
Палиця Ігор Петрович,22,0,0.182251546829438,unaffiliated,NA,47,M,0
Моклиця Юрій Володимирович,22,0,0.0718652640491969,європейська солідарність,NA,37,M,-0.110386282780241
Констанкевич Ірина Мирославівна,23,1,0.566370347491113,укроп,"член ПОЛІТИЧНОЇ ПАРТІЇ ""УКРАЇНСЬКЕ ОБ’ЄДНАННЯ ПАТРІОТІВ – УКРОП""",54,F,0.197515312293622
Приймачук Максим Петрович,23,0,0.368855035197491,слуга народу,NA,32,M,0
Сковорода Юрій Ігорович,23,0,0.0410185939522803,європейська солідарність,NA,30,M,-0.327836441245211
Кисилевський Дмитро Давидович,24,1,0.554563460424937,слуга народу,NA,36,M,0.194537184985755
Береза Юрій Миколайович,24,0,0.360026275439182,народний фронт,політичної партії народний фронт,49,M,0
Чебанов Олександр Владиславович,24,0,0.0419272772267415,unaffiliated,NA,46,M,-0.31809899821244
Курячий Максим Павлович,25,1,0.575318371904838,ex-БПП,left фракция БПП,40,M,0.205436808298972
Бужанський Максим Аркадійович,25,0,0.369881563605866,слуга народу,NA,45,M,0
Краснов Загід Геннадійович,25,0,0.0205895491709981,unaffiliated,NA,54,M,-0.349292014434868
Нестеренко Кирилл Олександрович,26,1,0.863006592880661,слуга народу,NA,26,M,0.823685240268056
Зеленюк Олександр Валерійович,26,0,0.0393213526126057,європейська солідарність,NA,34,M,0
Єрмолаєв Сергій Олександрович,26,0,0.0381172874694042,unaffiliated,NA,63,M,-0.00120406514320148
Ричкова Тетяна Борисівна,27,1,0.745381793120896,європейська солідарність,БПП,41,F,0.632007028675485
Андрійченко Олексій Дмитрович,27,0,0.113374764445411,unaffiliated,NA,48,M,0
Окунинець Сергій Васильович,27,0,0.0876600648641407,unaffiliated,NA,39,M,-0.0257146995812707
Мисягін Юрій Михайлович,28,1,0.542817846739247,слуга народу,NA,45,M,0.116775954395822
Куліченко Іван Іванович,28,0,0.426041892343424,БПП,БПП,64,M,0
Козар Володимир Васильович,28,0,0.0114743781816538,батьківщина,NA,39,M,-0.414567514161771
Демченко Сергій Олексійович,29,1,0.762744016876162,слуга народу,NA,43,M,0.669447215729932
Місіратов Марлен Едемович,29,0,0.0932968011462291,unaffiliated,NA,41,M,0
Голосний Максим Ігоревич,29,0,0.0648401624977257,unaffiliated,NA,38,M,-0.0284566386485035
Лічман Ганна Василівна,30,1,0.464315754792807,слуга народу,NA,41,F,0.0262607401680097
Дубінін Олександр Іванович,30,0,0.438055014624798,укроп,"член ПОЛІТИЧНОЇ ПАРТІЇ ""УКРАЇНСЬКЕ ОБ’ЄДНАННЯ ПАТРІОТІВ – УКРОП""",60,M,0
Біжко Андрій Олександрович,30,0,0.0387693354851727,unaffiliated,NA,57,M,-0.399285679139625
Павлов Костянтин Юрійович,31,1,0.533927857692149,опозиційний блок,політичної партії опозиційний блок у верховній раді україни восьмого скликання,46,M,0.133250786145063
Захарченко Володимир Васильович,31,0,0.400677071547086,слуга народу,NA,48,M,0
Олійник Вадим Васильович,31,0,0.0284010298199067,unaffiliated,NA,53,M,-0.372276041727179
Гальченко Андрій Володимирович,32,1,0.535524190108713,опозиційний блок,політичної партії опозиційний блок у верховній раді україни восьмого скликання,48,M,0.152373260931186
Криворучкіна Олена Володимирівна,32,0,0.383150929177528,слуга народу,NA,48,F,0
Бурман Людмила Володимирівна,32,0,0.044796697425939,unaffiliated,NA,49,F,-0.338354231751589
Корявченков Юрій Валерійович,33,1,0.860583889263843,слуга народу,NA,45,M,0.816738849362828
Колесник Микола Юрійович,33,0,0.0438450399010148,unaffiliated,NA,52,M,0
Ляденко Олег Анатолійович,33,0,0.035021730410423,unaffiliated,NA,49,M,-0.00882330949059179
Кришин Олег Юрійович,34,1,0.45857390615551,народний фронт,політичної партії народний фронт,52,M,0.00593789791102262
Чорний Дмитро Сергійович,34,0,0.452636008244487,слуга народу,NA,30,M,0
Кукса Юрій Анатолійович,34,0,0.0321251172972934,unaffiliated,NA,42,M,-0.420510890947194
Герман Денис Вадимович,35,1,0.507110972992088,слуга народу,NA,38,M,0.0567734655107978
Шипко Андрій Федорович,35,0,0.45033750748129,відродження,відродження,49,M,0
Сокол Юрій Олександрович,35,0,0.0182886669303782,європейська солідарність,NA,37,M,-0.432048840550912
Каптєлов Роман Володимирович,36,1,0.542064378078509,слуга народу,NA,39,M,0.138823237940527
Мартовицький Артур Володимирович,36,0,0.403241140137982,опозиційний блок,політичної партії опозиційний блок у верховній раді україни восьмого скликання,55,M,0
Іскендеров Іскендер Расул Огли,36,0,0.0202173646764989,unaffiliated,NA,58,M,-0.383023775461483
Шпенов Дмитро Юрійович,37,1,0.499673893543777,опозиційний блок,політичної партії опозиційний блок у верховній раді україни восьмого скликання,41,M,0.0510669858380902
Фартушний Ігор Іванович,37,0,0.448606907705687,слуга народу,NA,42,M,0
Гава Сергій Миколайович,37,0,0.020044280615402,unaffiliated,NA,50,M,-0.428562627090285
Нестеренко Вадим Григорович,38,1,0.365637972522573,БПП,БПП,49,M,0.0747926395870663
Бородін Владислав Валерійович,38,0,0.290845332935507,слуга народу,NA,48,M,0
Мельничук Сергій Петрович,38,0,0.243331260860429,ex-воля народу,left воля народу,47,M,-0.0475140720750776
Северин Сергій Сергійович,39,1,0.854367838450833,слуга народу,NA,39,M,0.783943379960981
Хорішко Володимир Дмитрович,39,0,0.0704244584898514,unaffiliated,NA,61,M,0
Антіпов Валентин Миколайович,39,0,0.0269741932319982,unaffiliated,NA,56,M,-0.0434502652578532
Трухін Олександр Миколайович,40,1,0.501549597865502,слуга народу,NA,33,M,0.0681965454840864
Дідич Валентин Володимирович,40,0,0.433353052381416,ex-БПП,left фракция БПП,62,M,0
Кисіль Сергій Васильович,40,0,0.0267370469290911,unaffiliated,NA,45,M,-0.406616005452325
Петренко Анастасія Леонідівна,45,1,0.424688645838258,опозиційна платформа за життя,NA,33,F,0.251137979003446
Кюрджиєв Георгій Тимофійович,45,0,0.173550666834812,слуга народу,NA,37,M,0
Бордунов Едуард Вікторович,45,0,0.17089418496427,unaffiliated,NA,49,M,-0.00265648187054174
Матейченко Костянтин Володимирович,46,1,0.893975199271814,народний фронт,політичної партії народний фронт,49,M,0.828767112112419
Христенко Федір Володимирович,46,0,0.0652080871593947,опозиційна платформа за життя,NA,36,M,0
Вощанов Родіон Ігорович,46,0,0.0247487076555157,слуга народу,NA,26,M,-0.040459379503879
Недава Олег Анатолійович,47,1,0.549399872266098,ex-БПП,left фракция БПП,50,M,0.118159813093721
Солод Юрій Васильович,47,0,0.431240059172377,опозиційна платформа за життя,політичної партії опозиційний блок у верховній раді україни восьмого скликання,47,M,0
Мащенко Ростислав Євгенович,47,0,0.00667993049570605,unaffiliated,NA,55,M,-0.424560128676671
Єфімов Максим Вікторович,48,1,0.908341487997148,БПП,БПП,45,M,0.871012641891225
Васілі Євген Ігорович,48,0,0.037328846105923,слуга народу,NA,39,M,0
Зубов Валентин Сергійович,48,0,0.0298197483510363,unaffiliated,NA,73,M,-0.00750909775488677
Гнатенко Валерій Сергійович,49,1,0.361490631138759,опозиційна платформа за життя,NA,52,M,0.115875084306478
Медведюк Василь Антонович,49,0,0.245615546832281,unaffiliated,NA,49,M,0
Сівохо Сергій Анатолійович,49,0,0.112221986524824,слуга народу,NA,50,M,-0.133393560307457
Сахарова Катерина Михайлівна,50,1,0.245781402869003,опозиційна платформа за життя,NA,65,F,0.0227374611597762
Аксьонов Андрій Анатолійович,50,0,0.223043941709226,unaffiliated,NA,48,M,0
Мотрій Олександр Володимирович,50,0,0.223043941709226,unaffiliated,NA,48,M,0
Савченко Надія Вікторівна,51,1,0.617563567821454,громадсько-політична платформа надії савченко,NA,38,F,0.342260973464798
Веселова Наталія Василівна,51,0,0.275302594356656,слуга народу,NA,44,F,0
Житінський Ігор Юрійович,51,0,0.0497606189309125,unaffiliated,NA,42,M,-0.225541975425744
Рибак Ігор Анатолійович,52,1,0.389535793777044,unaffiliated,NA,48,M,0.0532323928440676
Погодін Олег Васильович,52,0,0.336303400932976,опозиційна платформа за життя,NA,46,M,0
Тритяченко Олег Климентійович,52,0,0.0935080808085482,unaffiliated,NA,52,M,-0.242795320124428
Новинський Вадим Владиславович,57,1,0.471278311079014,опозиційний блок,політичної партії опозиційний блок у верховній раді україни восьмого скликання,56,M,0.101028211753407
Салгалов Вячеслав Сергійович,57,0,0.370250099325607,слуга народу,NA,39,M,0
Філімонов Владислав Євгенович,57,0,0.0663265084283278,опозиційна платформа за життя,NA,26,M,-0.303923590897279
Романюк Віктор Валерійович,58,1,0.508667821261151,слуга народу,NA,32,M,0.284426477050308
Онацький Валерій Анатолійович,58,0,0.224241344210843,unaffiliated,NA,45,M,0
Дьяконов Андрій Петрович,58,0,0.119227614143178,unaffiliated,NA,52,M,-0.105013730067665
Сажко Сергій Миколайович,59,1,0.84478035514876,опозиційний блок,політичної партії опозиційний блок у верховній раді україни восьмого скликання,50,M,0.749347232473103
Мороз Володимир Вікторович,59,0,0.0954331226756565,опозиційна платформа за життя,NA,52,M,0
Кирилов Сергій Дмитрович,59,0,0.0285369448431523,unaffiliated,NA,58,M,-0.0668961778325043
Лубінець Дмитро Валерійович,60,1,0.851438663513571,БПП,"Член депутатської фракції ПАРТІЇ ""БПП""",38,M,0.796292030003931
Марчевський Артем Павлович,60,0,0.0551466335096403,опозиційна платформа за життя,NA,31,M,0
Безуглий Олександр Миколайович,60,0,0.033852574139645,слуга народу,NA,40,M,-0.0212940593699953
Герасименко Ігор Леонідович,62,1,0.543358753656948,слуга народу,NA,35,M,0.152700959927209
Розенблат Борислав Соломонович,62,0,0.390657793729739,ex-БПП,left фракция БПП,50,M,0
Гундич Ігор Петрович,62,0,0.0298800463783746,unaffiliated,NA,44,M,-0.360777747351364
Ревега Олександр Васильович,63,1,0.515052556000974,БПП,БПП,53,M,0.495542982684505
Кицак Богдан Вікторович,63,0,0.426418724049621,слуга народу,NA,27,M,0.406909150733152
Лужанський Станіслав Іванович,63,0,0.0195095733164686,unaffiliated,NA,39,M,0
Марценюк Сергій Михайлович,63,0,0.0195095733164686,unaffiliated,NA,40,M,0
Романський Ігор Васильович,63,0,0.0195095733164686,unaffiliated,NA,41,M,0
Арешонков Володимир Юрійович,64,1,0.440974990619271,БПП,БПП,62,M,0.111717494378576
Пашинський Сергій Володимирович,64,0,0.329257496240695,народний фронт,політичної партії народний фронт,53,M,0
Сігачов Вячеслав Валерійович,64,0,0.192825933466797,слуга народу,NA,47,M,-0.136431562773898
Костюк Дмитро Сергійович,65,1,0.476553201698272,слуга народу,NA,26,M,0.0599391611261398
Литвин Володимир Михайлович,65,0,0.416614040572132,воля народу,"Член депутатської групи ""Воля народу""",63,M,0
Романюк Сергій Вікторович,65,0,0.0627116746508475,радикальна партія,NA,32,M,-0.353902365921285
Дзюблик Павло Володимирович,66,1,0.598096277014985,народний фронт,політичної партії народний фронт,40,M,0.33668919081132
Грищенко Тетяна Миколаївна,66,0,0.261407086203665,слуга народу,NA,40,F,0
Журавський Віталій Станіславович,66,0,0.059576983901591,unaffiliated,NA,64,M,-0.201830102302074
Кузьміних Сергій Володимирович,67,1,0.515974624405367,слуга народу,NA,36,M,0.0803133473068767
Развадовський Віктор Йосипович,67,0,0.43566127709849,відродження,відродження,60,M,0
Ходак Ігор Євгенович,67,0,0.0321153239132901,батьківщина,NA,49,M,-0.4035459531852
Горват Роберт Іванович,68,1,0.360907574668179,БПП,БПП,50,M,0.04107611181761
Пекарь Олександр Вікторович,68,0,0.319831462850569,слуга народу,NA,27,M,0
Чижмарь Юрій Васильович,68,0,0.279106120055766,радикальна партія,радикальної партії олега ляшка,45,M,-0.0407253427948028
Токар Едгар Володимирович,69,1,0.537973096280193,слуга народу,NA,32,M,0.134409808543125
Балога Віктор Іванович,69,0,0.403563287737068,єдиний центр,NA,56,M,0
Данканич Андрій Андрійович,69,0,0.0312965328845011,батьківщина,NA,50,M,-0.372266754852567
Лаба Михайло Михайлович,70,1,0.425858659628498,слуга народу,NA,44,M,0.0358715705150155
Балога Іван Іванович,70,0,0.389987089113482,єдиний центр,NA,53,M,0
Кеменяш Олександр Михайлович,70,0,0.106144314222832,батьківщина,NA,54,M,-0.28384277489065
Грабар Сергій Володимирович,71,1,0.504484109640057,слуга народу,NA,34,M,0.0712617417140627
Лунченко Валерій Валерійович,71,0,0.433222367925995,народний фронт,політичної партії народний фронт,37,M,0
Пацкан Олександр Михайлович,71,0,0.0370931524567982,unaffiliated,NA,39,M,-0.396129215469196
Петьовка Василь Васильович,72,1,0.501739936196275,воля народу,воля народу,52,M,0.0488230684685247
Носа Вадим Іванович,72,0,0.452916867727751,слуга народу,NA,32,M,0
Данилюк Олександр Мирославович,72,0,0.0124101048515829,голос,NA,31,M,-0.440506762876168
Брензович Василь Іванович,73,1,0.407786084740391,БПП,БПП,55,M,0.123573693113435
Балога Павло Іванович,73,0,0.284212391626956,єдиний центр,NA,42,M,0
Маргітич Іван Володимирович,73,0,0.274655573416598,слуга народу,NA,32,M,-0.0095568182103582
Сабашук Петро Павлович,74,1,0.608627405992472,БПП,БПП,62,M,0.259081021276628
Касай Геннадій Олександрович,74,0,0.349546384715844,слуга народу,NA,47,M,0
Волков Ігор Юрійович,74,0,0.0267335367145948,сила і честь,NA,38,M,-0.322812848001249
Соха Роман Васильович,75,1,0.898212551092593,слуга народу,NA,44,M,0.871856202466733
Бєлий Микола Іванович,75,0,0.0263563486258601,європейська солідарність,NA,38,M,0
Каліцев Олексій Васильович,75,0,0.0171349154938258,unaffiliated,NA,40,M,-0.00922143313203431
Шевченко Євгеній Володимирович,76,1,0.937405347161214,слуга народу,NA,47,M,0.917591979247089
Солдатов Анатолій Борисович,76,0,0.0198133679141249,unaffiliated,NA,39,M,0
Прозапас Валерій Миколайович,76,0,0.0161331716751842,європейська солідарність,NA,42,M,-0.0036801962389407
Штепа Сергій Сергійович,77,1,0.502183145024591,слуга народу,NA,29,M,0.01564057561484
Богуслаєв Вячеслав Олександрович,77,0,0.486542569409751,воля народу,воля народу,81,M,0
Петров Максим Володимирович,77,0,0.00465032696967067,unaffiliated,NA,35,M,-0.48189224244008
Боговін Віталій Вікторович,78,1,0.531722788075568,слуга народу,NA,50,M,0.151586565936823
Пономарьов Олександр Сергійович,78,0,0.380136222138745,опозиційна платформа за життя,воля народу,57,M,0
Шувалов Андрій Миколайович,78,0,0.0346540110923807,unaffiliated,NA,57,M,-0.345482211046364
Яцик Юлія Григорівна,79,1,0.486973843496043,слуга народу,NA,40,F,0.0147734328806647
Бандуров Володимир Володимирович,79,0,0.472200410615378,опозиційна платформа за життя,воля народу,46,M,0
Могилевцев Олександр Юрійович,79,0,0.0196254610965083,аграрна партія україни,NA,39,M,-0.45257494951887
Гладкий Дмитро Вікторович,80,1,0.493390328020301,слуга народу,NA,32,M,0.039622610357398
Балицький Євген Віталійович,80,0,0.453767717662903,опозиційний блок,політичної партії опозиційний блок у верховній раді україни восьмого скликання,50,M,0
Маслов Михайло Борисович,80,0,0.0302584234527043,опозиційна платформа за життя,NA,48,M,-0.423509294210199
Валентиров Сергій Васильович,81,1,0.501616749657254,опозиційна платформа за життя,БПП,41,M,0.0323403257716816
Мельник Павло Вікторович,81,0,0.469276423885572,слуга народу,NA,35,M,0
Рєпкін Олександр Олександрович,81,0,0.0135755280438136,опозиційний блок,NA,39,M,-0.455700895841758
Кривохатько Вадим Вікторович,82,1,0.544470495872853,опозиційний блок,"Член депутатської фракції Політичної партії ""Опозиційний блок""",57,M,0.145530750313034
Нікітіна Марина Вікторівна,82,0,0.398939745559819,слуга народу,NA,33,F,0
Васюк Анатолій Григорович,82,0,0.0332602793852044,unaffiliated,NA,41,M,-0.365679466174615
Шевченко Олександр Леонідович,83,1,0.716387490221336,опозиційний блок,"Член депутатської фракції Політичної партії ""Опозиційний блок""",48,M,0.520069811354985
Сторожук Андрій Леонідович,83,0,0.196317678866351,слуга народу,NA,27,M,0
Петечел Олексій Юрійович,83,0,0.0618311084514541,європейська солідарність,NA,37,M,-0.134486570414897
Довбенко Михайло Володимирович,84,1,0.457264889249247,європейська солідарність,БПП,65,M,0.101469261315315
Фріс Ігор Павлович,84,0,0.355795627933931,слуга народу,NA,46,M,0
Іваськів Андрій Степанович,84,0,0.08736348656553,батьківщина,NA,48,M,-0.268432141368402
Шевченко Віктор Леонідович,85,1,0.427605322346229,опозиційний блок,"Член депутатської фракції Політичної партії ""Опозиційний блок""",39,M,0.107412654379118
Насалик Ігор Степанович,85,0,0.32019266796711,опозиційний блок,"Член депутатської фракції Політичної партії ""Опозиційний блок""",57,M,0
Прощук Едуард Петрович,85,0,0.21356286998114,слуга народу,NA,37,M,-0.106629797985971
Дирів Анатолій Борисович,86,1,0.612945844024694,народний фронт,політичної партії народний фронт,49,M,0.400715074832603
Матусевич Олександр Борисович,86,0,0.212230769192091,слуга народу,NA,45,M,0
Дзеса Остап Васильович,86,0,0.110043263303548,європейська солідарність,NA,66,M,-0.102187505888543
Андрійович Зіновій Мирославович,87,1,0.623291020831734,слуга народу,NA,47,M,0.466312346255665
Голіней Юрій Дмитрович,87,0,0.156978674576069,європейська солідарність,NA,42,M,0
Писклинець Ігор Дмитрович,87,0,0.1245822537717,батьківщина,NA,42,M,-0.0323964208043683
Іванчук Андрій Володимирович,88,1,0.470453942029441,народний фронт,політичної партії народний фронт,46,M,0.22428815173052
Тимошенко Юрій Володимирович,88,0,0.246165790298921,опозиційний блок,"Член депутатської фракції Політичної партії ""Опозиційний блок""",58,M,0
Шевченко Андрій Леонідович,88,0,0.185029535112789,слуга народу,NA,28,M,-0.0611362551861325
Соловей Юрій Ігорович,89,1,0.388028869504471,удар,БПП,41,M,0.0346753068543537
Книшук Петро Васильович,89,0,0.353353562650117,батьківщина,NA,59,M,0
Тимофійчук Володимир Ярославович,89,0,0.115913220301202,слуга народу,NA,33,M,-0.237440342348915
Мепарішвілі Хвича Нодарович,90,1,0.729018613159785,європейська солідарність,політичної партії народний фронт,47,M,0.492792382379155
Нестерчук Юрій Вікторович,90,0,0.23622623078063,слуга народу,NA,55,M,0
Браславський Руслан Георгійович,90,0,0.0141351423737285,батьківщина,NA,46,M,-0.222091088406902
Сольвар Руслан Миколайович,91,1,0.634431929370047,БПП,БПП,48,M,0.316274196093825
Дунда Олег Андрійович,91,0,0.318157733276223,слуга народу,NA,39,M,0
Кріпак Андрій Петрович,91,0,0.0177610141871974,unaffiliated,NA,37,M,-0.300396719089025
Гудзенко Віталій Іванович,92,1,0.740816714113831,БПП,БПП,48,M,0.532611651624486
Колюх Валерій Вікторович,92,0,0.208205062489345,слуга народу,NA,46,M,0
Ференець Олександр Борисович,92,0,0.0318154053814936,unaffiliated,NA,41,M,-0.176389657107851
Мамчур Юлій Валерійович,93,1,0.407757718611533,БПП,БПП,48,M,0.00723913823773709
Кривошея Геннадій Григорович,93,0,0.400518580373796,народний фронт,політичної партії народний фронт,42,M,0
Скороход Анна Костянтинівна,93,0,0.122240575906938,слуга народу,NA,29,F,-0.278278004466858
Романюк Віктор Миколайович,94,1,0.280142074528356,народний фронт,політичної партії народний фронт,44,M,0.000246219064386155
Кононенко Ігор Віталійович,94,0,0.27989585546397,народний фронт,"Член депутатської фракції Політичної партії ""НАРОДНИЙ ФРОНТ""",54,M,0
Мосійчук Ігор Володимирович,94,0,0.26394311173144,радикальна партія,радикальної партії олега ляшка,47,M,-0.0159527437325307
Гаврилюк Михайло Віталійович,95,1,0.406830255507887,народний фронт,політичної партії народний фронт,40,M,0.0789752755257913
Немировський Андрій Валентинович,95,0,0.327854979982095,БПП,БПП,36,M,0
Горобець Олександр Сергійович,95,0,0.245009859472086,слуга народу,NA,41,M,-0.082845120510009
Москаленко Ярослав Миколайович,96,1,0.58138066219024,воля народу,воля народу,44,M,0.195916052500327
ВасилевськаСмаглюк Ольга Михайлівна,96,0,0.385464609689913,слуга народу,NA,34,F,0
Войналович Людмила Миколаївна,96,0,0.0133675702600213,європейська солідарність,NA,41,F,-0.372097039429892
Різаненко Павло Олександрович,97,1,0.596770650718436,голос,БПП,44,M,0.234041720291305
Галушко Микола Леонідович,97,0,0.362728930427132,слуга народу,NA,40,M,0
Іваненко Олег Валерійович,97,0,0.0223625629069178,європейська солідарність,NA,41,M,-0.340366367520214
Міщенко Сергій Григорович,98,1,0.685064675770824,народний фронт,"Член депутатської фракції Політичної партії ""НАРОДНИЙ ФРОНТ""",48,M,0.392535215495639
Бунін Сергій Валерійович,98,0,0.292529460275185,слуга народу,NA,48,M,0
Гром Олег Віталійович,98,0,0.00895085589006806,unaffiliated,NA,48,M,-0.283578604385117
Дануца Олександр Анатолійович,99,1,0.347770764258634,слуга народу,NA,39,M,0.0249307916546984
Горбунов Олександр Володимирович,99,0,0.322839972603936,народний фронт,політичної партії народний фронт,50,M,0
Яриніч Костянтин Володимирович,99,0,0.297534147349186,БПП,БПП,49,M,-0.0253058252547502
Мурдій Ігор Юрійович,100,1,0.492841848991953,слуга народу,NA,37,M,0.0253255849062843
Березкін Станіслав Семенович,100,0,0.467516264085669,відродження,відродження,60,M,0
Лучков Євгеній Петрович,100,0,0.0199815969696641,unaffiliated,NA,39,M,-0.447534667116005
Поляков Максим Анатолійович,101,1,0.722965820314179,народний фронт,політичної партії народний фронт,37,M,0.574731084290833
Кузбит Юрій Михайлович,101,0,0.148234736023346,слуга народу,NA,42,M,0
Флоря Андрій Володимирович,101,0,0.0707848197858891,unaffiliated,NA,48,M,-0.0774499162374571
Довгий Олесь Станіславович,102,1,0.482240995090471,воля народу,воля народу,39,M,0.0230106699917897
Петрощук Артем Васильович,102,0,0.459230325098681,слуга народу,NA,36,M,0
Лібега Сергій Миколайович,102,0,0.0162534864491512,батьківщина,NA,37,M,-0.44297683864953
Воронько Олег Євгенійович,103,1,0.896297049329262,слуга народу,NA,45,M,0.868799850537256
Бездуган Віталій Васильович,103,0,0.0274971987920058,unaffiliated,NA,38,M,0
Дамченко Роман Анатолійович,103,0,0.0274971987920058,unaffiliated,NA,38,M,0
Татарка Сергій Миколайович,105,1,0.298649081823522,unaffiliated,NA,57,M,0.0887309176249804
Медведчук Сергій Володимирович,105,0,0.209918164198541,опозиційна платформа за життя,NA,60,M,0
Кобзар Сергій Олегович,105,0,0.177714152640112,слуга народу,NA,35,M,-0.0322040115584293
Черниш Валерій Сергійович,106,1,0.559700078769984,опозиційна платформа за життя,NA,46,M,0.280598082059465
Кузнєцов Олексій Олександрович,106,0,0.279101996710519,слуга народу,NA,40,M,0
Москаль Геннадій Геннадійович,106,0,0.0764434185351328,unaffiliated,NA,69,M,-0.202658578175387
Рибалка Сергій Вікторович,107,1,0.881648469957583,радикальна партія,радикальної партії олега ляшка,41,M,0.815268485740745
Щеглаков Едуард Іванович,107,0,0.0663799842168376,опозиційна платформа за життя,NA,48,M,0
Сорокін Олександр Олексійович,107,0,0.0197525807242507,слуга народу,NA,43,M,-0.046627403492587
Чернецов Олександр Іванович,112,1,0.419761736057504,опозиційна платформа за життя,NA,60,M,0.206480525717781
Місінкевич Ярослав Петрович,112,0,0.213281210339723,слуга народу,NA,31,M,0
Зеленський Сергій Олександрович,112,0,0.119018638810852,unaffiliated,NA,47,M,-0.094262571528871
Курило Віталій Семенович,113,1,0.773824355743149,БПП,БПП,62,M,0.621898523856163
Струк Володимир Олексійович,113,0,0.151925831886985,народний фронт,"Член депутатської фракції Політичної партії ""НАРОДНИЙ ФРОНТ""",55,M,0
Лукашев Олександр Анатолійович,113,0,0.0394507278270996,опозиційна платформа за життя,NA,43,M,-0.112475104059886
Шахов Сергій Володимирович,114,1,0.887610971104751,воля народу,воля народу,44,M,0.819635991260431
Мошенський Валерій Захарович,114,0,0.0679749798443201,unaffiliated,NA,62,M,0
Мойсєєв Максим Сергійович,114,0,0.0200915555425672,слуга народу,NA,33,M,-0.0478834243017529
Хміль Михайло Михайлович,115,1,0.628842585010498,народний фронт,політичної партії народний фронт,46,M,0.442874568874052
Піпа Наталія Романівна,115,0,0.185968016136446,голос,NA,36,F,0
Шубка Катерина Павлівна,115,0,0.0750633060049938,слуга народу,NA,34,F,-0.110904710131452
Княжицький Микола Леонідович,116,1,0.548173146363934,європейська солідарність,політичної партії народний фронт,51,M,0.36550747093211
Мельник Ростислав Леонідович,116,0,0.182665675431824,слуга народу,NA,41,M,0
Подоляк Ірина Ігорівна,116,0,0.132192780787171,самопоміч,політичної партії обєднання самопоміч,52,F,-0.0504728946446532
Юринець Оксана Василівна,117,1,0.567431149668809,БПП,БПП,41,F,0.373750250523317
Фединяк Роман Анатолійович,117,0,0.193680899145492,слуга народу,NA,24,M,0
Рущишин Ярослав Іванович,117,0,0.149777567187182,голос,NA,52,M,-0.0439033319583097
Дубневич Богдан Васильович,118,1,0.612733275301692,БПП,БПП,57,M,0.473270171281293
Федецький Артем Андрійович,118,0,0.139463104020399,слуга народу,NA,34,M,0
Васильченко Галина Іванівна,118,0,0.123897925632528,голос,NA,36,F,-0.0155651783878707
Бондар Михайло Леонтійович,119,1,0.666563885786691,європейська солідарність,політичної партії народний фронт,46,M,0.563812134808534
Шиба Олег Ярославович,119,0,0.102751750978157,голос,NA,44,M,0
Андрущенко Андрій Олександрович,119,0,0.0818724618178221,громадянська позиція,NA,40,M,-0.0208792891603346
Дубневич Ярослав Васильович,120,1,0.57310432910709,БПП,БПП,50,M,0.328309491192628
Елейко Тарас Васильович,120,0,0.244794837914462,голос,NA,46,M,0
Леонов Едуард Володимирович,120,0,0.0835042881206624,свобода,NA,45,M,-0.1612905497938
Задорожний Михайло Леонович,121,1,0.401317917415249,європейська солідарність,NA,53,M,0.0354375897906738
Матківський Богдан Миронович,121,0,0.365880327624575,громадянська позиція,NA,39,M,0
Огньов Дмитро Володимирович,121,0,0.0885989745810442,голос,NA,44,M,-0.277281353043531
Самардак Ігор Степанович,122,1,0.444506036962793,європейська солідарність,NA,38,M,0.207664202909173
Рибчинський Євген Юрійович,122,0,0.23684183405362,батьківщина,політичної партії всеукраїнське обєднання батьківщина у верховній раді україни,50,M,0
Шумський Андрій Миколайович,122,0,0.181893393745896,слуга народу,NA,41,M,-0.0549484403077238
Батенко Тарас Іванович,123,1,0.394885779519996,БПП,"Член депутатської фракції ПАРТІЇ ""БПП""",45,M,0.0410017421442503
Дуда Олег Романович,123,0,0.353884037375746,європейська солідарність,NA,43,M,0
Чолій Тарас Богданович,123,0,0.161446373970198,голос,NA,41,M,-0.192437663405547
Семерак Остап Михайлович,124,1,0.390853373456145,БПП,"Член депутатської фракції ПАРТІЇ ""БПП""",47,M,0.0948826773354387
Мусій Олег Степанович,124,0,0.295970696120706,громадянська позиція,NA,54,M,0
Ведровська Валентина Валентинівна,124,0,0.124024979264859,голос,NA,28,F,-0.171945716855848
Лопушанський Андрій Ярославович,125,1,0.637142255165067,БПП,БПП,57,M,0.498302757577728
Яворський Микола Миколайович,125,0,0.138839497587339,слуга народу,NA,38,M,0
Качмарик Ярослав Дмитрович,125,0,0.0801348337668884,батьківщина,NA,57,M,-0.0587046638204508
Кіт Андрій Богданович,126,1,0.618944544887529,БПП,БПП,48,M,0.447901046269191
Гаврон Володимир Іванович,126,0,0.171043498618338,голос,NA,42,M,0
Наконечний Володимир Михайлович,126,0,0.0982880907852023,слуга народу,NA,37,M,-0.0727554078331358
Пасічний Олександр Станіславович,127,1,0.545393367672311,слуга народу,NA,47,M,0.120611959937658
Козир Борис Юрійович,127,0,0.424781407734653,БПП,БПП,44,M,0
Петров Олег Дмитрович,127,0,0.0114181956504217,європейська солідарність,NA,38,M,-0.413363212084231
Ільюк Артем Олександрович,128,1,0.49267243491428,відродження,відродження,40,M,0.0113533680078691
Гайду Олександр Васильович,128,0,0.48131906690641,слуга народу,NA,43,M,0
Дворник Анатолій Анатолійович,128,0,0.0103714168330868,опозиційна платформа за життя,NA,43,M,-0.470947650073324
Копитін Ігор Володимирович,129,1,0.508561523024328,слуга народу,NA,38,M,0.051478083891908
Жолобецький Олександр Олександрович,129,0,0.45708343913242,БПП,БПП,53,M,0
Горбатко Іван Геннадійович,129,0,0.0146026993967642,європейська солідарність,NA,23,M,-0.442480739735656
Негулевський Ігор Петрович,130,1,0.392450698276162,слуга народу,NA,36,M,0.0537253504429875
Вадатурський Андрій Олексійович,130,0,0.338725347833175,БПП,БПП,46,M,0
Бриченко Ігор Віталійович,130,0,0.248485675434175,народний фронт,політичної партії народний фронт,49,M,-0.0902396723989995
Чорноморов Артем Олегович,131,1,0.460043721723954,слуга народу,NA,31,M,0.0166035753909798
Лівік Олександр Петрович,131,0,0.443440146332974,БПП,БПП,49,M,0
Танасов Сергій Іванович,131,0,0.0812507819632563,європейська солідарність,NA,35,M,-0.362189364369718
Дирдін Максим Євгенович,132,1,0.616861988548105,слуга народу,NA,37,M,0.275098940334685
Підберезняк Вадим Іванович,132,0,0.341763048213421,народний фронт,політичної партії народний фронт,47,M,0
Головчанський Андрій Всеволодович,132,0,0.0224343135541181,опозиційна платформа за життя,NA,41,M,-0.319328734659303
Дмитрук Артем Геннадійович,133,1,0.793008371593585,слуга народу,NA,26,M,0.760137574433502
Кириленко Павло Веніамінович,133,0,0.0755084397660813,свобода,NA,43,M,0.0426376426059978
Баранський Ігор Станіславович,133,0,0.0328707971600834,unaffiliated,NA,40,M,0
Берендєєв Іван Вікторович,133,0,0.0328707971600834,unaffiliated,NA,41,M,0
Вершигора Михайло Олександрович,133,0,0.0328707971600834,unaffiliated,NA,41,M,0
Танцюра Дмитро Миколайович,133,0,0.0328707971600834,unaffiliated,NA,41,M,0
Чекіта Геннадій Леонідович,134,1,0.681832251604891,БПП,БПП,53,M,0.478171154609352
Колєв Олег Вікторович,134,0,0.203661096995539,слуга народу,NA,46,M,0
Червоненко Євген Альфредович,134,0,0.0799940720944965,unaffiliated,NA,60,M,-0.123667024901042
Леонов Олексій Олександрович,135,1,0.479028271678216,слуга народу,NA,36,M,0.0361070030356087
Ківалов Сергій Васильович,135,0,0.442921268642607,опозиційний блок,політичної партії опозиційний блок у верховній раді україни восьмого скликання,65,M,0
Березовський Андрій Андрійович,135,0,0.0292950625327999,громадянська позиція,NA,43,M,-0.413626206109807
Голубов Дмитро Іванович,136,1,0.638365392791037,БПП,БПП,36,M,0.312611080513918
Горенюк Олександр Олександрович,136,0,0.325754312277119,слуга народу,NA,28,M,0
Терешонков Віталій Володимирович,136,0,0.0141795305013166,unaffiliated,NA,32,M,-0.311574781775803
Гончаренко Олексій Олексійович,137,1,0.448293758252222,БПП,БПП,39,M,0.190603771393887
Клімов Леонід Михайлович,137,0,0.257689986858335,відродження,відродження,66,M,0
Муконін Олександр Вікторович,137,0,0.244557360311425,слуга народу,NA,43,M,-0.0131326265469104
Фурсін Іван Геннадійович,138,1,0.642205007730974,воля народу,воля народу,48,M,0.319328500866803
Чернявський Степан Миколайович,138,0,0.322876506864171,слуга народу,NA,46,M,0
Полюганіч Ольга Василівна,138,0,0.0150811559250013,батьківщина,NA,50,F,-0.30779535093917
Пресман Олександр Семенович,139,1,0.614275386202176,відродження,відродження,58,M,0.283106724963628
Васильковський Ігор Ігорович,139,0,0.331168661238548,слуга народу,NA,34,M,0
Слідзюк Володимир Володимирович,139,0,0.0242283813256196,голос,NA,38,M,-0.306940279912929
Гуляєв Василь Олександрович,140,1,0.628140701418777,відродження,відродження,56,M,0.325712938886555
Колебошин Сергій Валерійович,140,0,0.302427762532222,слуга народу,NA,42,M,0
Ткач Дмитро Володимирович,140,0,0.0337457676501253,голос,NA,39,M,-0.268681994882096
Барвіненко Віталій Дмитрович,141,1,0.646399196960764,відродження,відродження,38,M,0.389377315280391
Ткаченко Олександр Михайлович,141,0,0.257021881680373,слуга народу,NA,35,M,0
Резніченко Василь Іванович,141,0,0.0652420463324637,unaffiliated,NA,39,M,-0.191779835347909
Кіссе Антон Іванович,142,1,0.409450300285919,відродження,відродження,61,M,0.0358293429524646
Плохой Руслан Ігорович,142,0,0.373620957333454,слуга народу,NA,28,M,0
Димитрієв Сергій Гаврилович,142,0,0.160411376747155,опозиційна платформа за життя,NA,41,M,-0.213209580586299
Куртєв Віктор Владиславович,143,1,0.78464027016813,слуга народу,NA,40,M,0.719459630967113
Урбанський Анатолій Ігорович,143,0,0.0651806392010173,unaffiliated,NA,44,M,0
Стоянова Алла Андріївна,143,0,0.0639562591441964,батьківщина,NA,40,F,-0.00122438005682089
Каплін Сергій Миколайович,144,1,0.476598328440235,БПП,"Член депутатської фракції ПАРТІЇ ""БПП""",40,M,0.0115603386409626
Нальотов Дмитро Олександрович,144,0,0.465037989799273,слуга народу,NA,34,M,0
Бублик Олександр Васильович,144,0,0.0285732480534669,unaffiliated,NA,39,M,-0.436464741745806
Боблях Андрій Ростиславович,145,1,0.445078127871005,слуга народу,NA,34,M,0.0245207399930903
Бублик Юрій Васильович,145,0,0.420557387877914,БПП,"Член депутатської фракції ПАРТІЇ ""БПП""",46,M,0
Ніколаєнко Євген Анатолійович,145,0,0.0720431257214246,європейська солідарність,NA,40,M,-0.34851426215649
Урін Фелікс Олександрович,146,1,0.505182920544447,слуга народу,NA,35,M,0.0380944334912726
Шаповалов Юрій Анатолійович,146,0,0.467088487053174,відродження,відродження,47,M,0
Музика Геннадій Михайлович,146,0,0.0102940556399244,unaffiliated,NA,49,M,-0.45679443141325
Кулініч Олег Іванович,147,1,0.367823961800409,відродження,відродження,53,M,0.00500134466982416
Дудник Сергій Сергійович,147,0,0.362822617130585,слуга народу,NA,29,M,0
Кишкар Павло Миколайович,147,0,0.183669640106289,народний рух україни,NA,39,M,-0.179152977024297
Іщейкін Костянтин Євгенович,148,1,0.759329239670487,БПП,БПП,44,M,0.564273622206077
Ляшенко Анастасія Олексіївна,148,0,0.19505561746441,слуга народу,NA,33,F,0
Карпець Іван Іванович,148,0,0.0163803530534706,unaffiliated,NA,52,M,-0.178675264410939
Касай Костянтин Іванович,149,1,0.358284363602641,слуга народу,NA,40,M,0.0656005232003726
Река Андрій Олександрович,149,0,0.292683840402268,народний фронт,політичної партії народний фронт,66,M,0
Вітко Артем Леонідович,149,0,0.291410479086384,радикальна партія,радикальної партії олега ляшка,36,M,-0.00127336131588457
Мовчан Олексій Васильович,150,1,0.493255017890817,слуга народу,NA,25,M,0.0654540597436802
Жеваго Костянтин Валентинович,150,0,0.427800958147137,БПП,"Член депутатської фракції ПАРТІЇ ""БПП""",45,M,0
Гуйда Оксана Анатоліївна,150,0,0.0355766887820372,голос,NA,47,F,-0.3922242693651
Кривенко Віктор Миколайович,151,1,0.449577610630513,БПП,"Член депутатської фракції ПАРТІЇ ""БПП""",37,M,0.132724969065504
Богдан Руслан Дмитрович,151,0,0.31685264156501,батьківщина,політичної партії всеукраїнське обєднання батьківщина у верховній раді україни,47,M,0
Березін Максим Юрійович,151,0,0.198442482628944,слуга народу,NA,35,M,-0.118410158936065
Ковальчук Олександр Володимирович,152,1,0.542473897353171,слуга народу,NA,45,M,0.141458157109174
Осуховський Олег Іванович,152,0,0.401015740243997,свобода,NA,41,M,0
Муляренко Олексій Віталійович,152,0,0.0229348925883217,unaffiliated,NA,43,M,-0.378080847655675
Вознюк Юрій Володимирович,153,1,0.561358232980646,народний фронт,політичної партії народний фронт,39,M,0.201502103761206
Іванісов Роман Валерійович,153,0,0.35985612921944,слуга народу,NA,41,M,0
Ундір Віталій Олександрович,153,0,0.0670648864240809,європейська солідарність,NA,39,M,-0.292791242795359
Дехтярчук Олександр Володимирович,154,1,0.475117685250933,БПП,БПП,48,M,0.109963278503916
Луценко Ігор Вікторович,154,0,0.365154406747017,батьківщина,політичної партії всеукраїнське обєднання батьківщина у верховній раді україни,41,M,0
Аліксійчук Олександр Васильович,154,0,0.147464503959755,слуга народу,NA,38,M,-0.217689902787262
Яніцький Василь Петрович,155,1,0.533324442271465,БПП,БПП,46,M,0.304249997341496
Войціцька Вікторія Михайлівна,155,0,0.229074444929969,голос,політичної партії обєднання самопоміч,45,F,0
Рашовський Володимир Володимирович,155,0,0.22093551510212,слуга народу,NA,45,M,-0.00813892982784922
Литвиненко Сергій Анатолійович,156,1,0.871085085476523,слуга народу,NA,51,M,0.8278599699105
Данильчук Олександр Юрійович,156,0,0.0432251155660223,unaffiliated,NA,60,M,0
Пехотін Андрій Васильович,156,0,0.0378563406865066,голос,NA,32,M,-0.00536877487951577
Медуниця Олег Вячеславович,157,1,0.480443550082015,народний фронт,політичної партії народний фронт,48,M,0.0698570118666449
Рябуха Тетяна Василівна,157,0,0.41058653821537,слуга народу,NA,35,F,0
Чмирь Юрій Павлович,157,0,0.0448687204980024,unaffiliated,NA,47,M,-0.365717817717367
Васильєв Ігор Сергійович,158,1,0.491503366681914,слуга народу,NA,35,M,0.0635897319927988
Сугоняко Олександр Леонідович,158,0,0.427913634689115,БПП,БПП,61,M,0
Оскер Олексій Генріхович,158,0,0.0367689646468606,unaffiliated,NA,34,M,-0.391144670042254
Деркач Андрій Леонідович,159,1,0.549877068916398,БПП,"Член депутатської фракції ПАРТІЇ ""БПП""",52,M,0.177974120904157
Шевченко Дмитро Станіславович СН,159,0,0.37190294801224,слуга народу,NA,42,M,0
Козлов Роман Євгенович,159,0,0.0322427194324224,удар,NA,37,M,-0.339660228579818
Молоток Ігор Федорович,160,1,0.506202605358648,воля народу,воля народу,52,M,0.0864949869614944
Сахнюк Тетяна Володимирівна,160,0,0.419707618397154,слуга народу,NA,23,F,0
Пилипейко Володимир Юрійович,160,0,0.038602486962058,опозиційна платформа за життя,NA,39,M,-0.381105131435096
Гузенко Максим Васильович,161,1,0.517420371954932,слуга народу,NA,38,M,0.313277998509316
Свирид Анатолій Олексійович,161,0,0.204142373445617,БПП,"Член депутатської фракції ПАРТІЇ ""БПП""",41,M,0
Пашко Олександр Сергійович,161,0,0.136165454811352,unaffiliated,NA,34,M,-0.0679769186342648
Задорожній Микола Миколайович,162,1,0.847799489859193,слуга народу,NA,35,M,0.784813358920227
Лозовий Іван Іванович,162,0,0.0629861309389668,unaffiliated,NA,58,M,0
Гавриленко Сергій Анатолійович,162,0,0.0337663128479592,unaffiliated,NA,39,M,-0.0292198180910076
Барна Степан Степанович,163,1,0.429440614343649,європейська солідарність,NA,40,M,0.167202577429379
Пастух Тарас Тимофійович,163,0,0.262238036914271,самопоміч,політичної партії обєднання самопоміч,41,M,0
Богданець Андрій Володимирович,163,0,0.201317232899831,слуга народу,NA,36,M,-0.0609208040144392
Головко Михайло Йосифович,164,1,0.448218583114572,свобода,NA,36,M,0.0262720041113736
Василів Ігор Володимирович,164,0,0.421946579003198,слуга народу,NA,40,M,0
Чоботарь Валерій Георгійович,164,0,0.0858389568591799,європейська солідарність,NA,43,M,-0.336107622144019
Юрик Тарас Зіновійович,165,1,0.676728889760297,європейська солідарність,БПП,39,M,0.494814236484239
Репела Петро Йосипович,165,0,0.181914653276058,батьківщина,NA,49,M,0
Кісілевич Володимир Володимирович,165,0,0.100337494590337,слуга народу,NA,25,M,-0.081577158685721
Люшняк Микола Володимирович,166,1,0.643738666150203,БПП,БПП,45,M,0.487677705562844
Сопель Ігор Михайлович,166,0,0.156060960587359,слуга народу,NA,45,M,0
Бліхар Володимир Васильович,166,0,0.119357726060687,батьківщина,NA,40,M,-0.0367032345266717
Барна Олег Степанович,167,1,0.596877292950691,європейська солідарність,БПП,52,M,0.34761403983008
Гевко Володимир Леонідович,167,0,0.249263253120611,слуга народу,NA,44,M,0
Сиротюк Олег Мирославович,167,0,0.0872302621715748,свобода,NA,41,M,-0.162032990949036
Писаренко Валерій Володимирович,168,1,0.619088426542606,відродження,відродження,39,M,0.266940227695526
Мезенцева Марія Сергіївна,168,0,0.35214819884708,слуга народу,NA,30,F,0
Семиноженко Володимир Петрович,168,0,0.0184522887666694,unaffiliated,NA,69,M,-0.33369591008041
Грановський Олександр Михайлович,169,1,0.363921793868184,БПП,БПП,40,M,0.0307920153796046
Кірш Олександр Вікторович,169,0,0.33312977848858,народний фронт,політичної партії народний фронт,58,M,0
Куницький Олександр Олегович,169,0,0.289648893356037,слуга народу,NA,36,M,-0.043480885132543
Одарченко Андрій Миколайович,170,1,0.522070339825021,слуга народу,NA,41,M,0.0626694908382069
Святаш Дмитро Володимирович,170,0,0.459400848986814,опозиційна платформа за життя,відродження,48,M,0
Нестерук Валерій Миколайович,170,0,0.00774309401769093,unaffiliated,NA,53,M,-0.451657754969123
Кінзбурська Вікторія Олександрівна,171,1,0.939325474551338,слуга народу,NA,39,F,0.920426874938442
Кушнарьов Сергій Петрович,171,0,0.0188985996128963,unaffiliated,NA,57,M,0
Лесик Андрій Анатолійович,171,0,0.0166982750941168,опозиційна платформа за життя,NA,38,M,-0.00220032451877952
Мисик Володимир Юрійович,172,1,0.574489589158824,відродження,відродження,54,M,0.175134201672011
Здебський Юрій Вікторович,172,0,0.399355387486813,слуга народу,NA,47,M,0
Плотніков Роман Олексійович,172,0,0.00994769864112846,європейська солідарність,NA,38,M,-0.389407688845685
Денисенко Анатолій Петрович,173,1,0.535249223717969,БПП,"Член депутатської фракції ПАРТІЇ ""БПП""",48,M,0.091692087710655
Бакумов Олександр Сергійович,173,0,0.443557136007314,слуга народу,NA,30,M,0
Лаврінець Ігор Олександрович,173,0,0.00902529927649504,європейська солідарність,NA,23,M,-0.434531836730819
Фельдман Олександр Борисович,174,1,0.544004197309767,воля народу,воля народу,59,M,0.536710378541821
Алєксєйчук Вікторія Іванівна,174,0,0.434114346386396,слуга народу,NA,42,F,0.42682052761845
Андрющенко Володимир Володимирович,174,0,0.00729381876794571,unaffiliated,NA,39,M,0
Безрук Владислав Вікторович,174,0,0.00729381876794571,unaffiliated,NA,41,M,0
Говоруха Віталій Миколайович,174,0,0.00729381876794571,unaffiliated,NA,40,M,0
Пивоваров Євген Павлович,175,1,0.79296359627971,слуга народу,NA,41,M,0.624310592870729
Кацуба Володимир Михайлович,175,0,0.168653003408981,опозиційний блок,відродження,62,M,0
Кисіль Віктор Васильович,175,0,0.0171226849630623,голос,NA,47,M,-0.151530318445919
Счисльонок Олександр Васильович,176,1,0.392713707835997,слуга народу,NA,57,M,0.0822343786499986
Новицький Дмитро Володимирович,176,0,0.310479329185999,опозиційна платформа за життя,NA,35,M,0
Шенцев Дмитро Олексійович,176,0,0.282696929572909,опозиційний блок,політичної партії опозиційний блок у верховній раді україни восьмого скликання,55,M,-0.0277823996130892
Любота Дмитро Валерійович,177,1,0.704704457752235,слуга народу,NA,38,M,0.561313490044088
Остапчук Віктор Миколайович,177,0,0.143390967708147,опозиційний блок,відродження,64,M,0
Радьков Сергій Миколайович,177,0,0.129850639232063,опозиційна платформа за життя,NA,56,M,-0.0135403284760844
Літвінов Олександр Миколайович,178,1,0.617565608230479,слуга народу,NA,47,M,0.266621376796421
Добкін Дмитро Маркович,178,0,0.350944231434058,опозиційний блок,політичної партії опозиційний блок у верховній раді україни восьмого скликання,44,M,0
Білокудря Валерій Миколайович,178,0,0.0193243382135555,опозиційна платформа за життя,NA,60,M,-0.331619893220503
Гіршфельд Анатолій Мусійович,179,1,0.519959109900163,воля народу,воля народу,62,M,0.0520526455871301
Кучер Олексій Володимирович,179,0,0.467906464313033,слуга народу,NA,34,M,0
Коба Сергій Олексійович,179,0,0.00481663098274325,європейська солідарність,NA,49,M,-0.463089833330289
Біловол Олександр Миколайович,180,1,0.572943223629281,відродження,відродження,57,M,0.16898620425149
Красов Олексій Ігорович,180,0,0.40395701937779,слуга народу,NA,32,M,0
Кравцов Іван Анатолійович,180,0,0.0108107873112871,європейська солідарність,NA,40,M,-0.393146232066503
Микиша Дмитро Сергійович,181,1,0.887624038375495,слуга народу,NA,34,M,0.846961173918372
Кошеленко Віталій Анатолійович,181,0,0.0406628644571232,unaffiliated,NA,47,M,0
Строгий Олександр Федорович,181,0,0.0308424452418832,unaffiliated,NA,61,M,-0.00982041921523997
Павліш Павло Васильович,182,1,0.639970183963109,слуга народу,NA,40,M,0.310532435979929
Співаковський Олександр Володимирович,182,0,0.32943774798318,БПП,БПП,62,M,0
Літвін Валерій Валерійович,182,0,0.011685657508171,unaffiliated,NA,55,M,-0.317752090475009
Вагнєр Вікторія Олександрівна,183,1,0.850930448389866,слуга народу,NA,38,F,0.804221159976794
Кирилов Юрій Євгенович,183,0,0.0467092884130722,європейська солідарність,NA,39,M,0
Одарченко Юрій Віталійович,183,0,0.0422021505637629,батьківщина,політичної партії всеукраїнське обєднання батьківщина у верховній раді україни,59,M,-0.00450713784930932
Репілевський Данило Едуардович,184,1,0.535082308363577,слуга народу,NA,32,M,0.133182310480047
Вінник Іван Юлійович,184,0,0.401899997883529,БПП,БПП,40,M,0
Гречана Світлана Юріївна,184,0,0.0379190605843348,батьківщина,NA,46,F,-0.363980937299195
Іванов Володимир Ілліч,185,1,0.563843685943458,слуга народу,NA,37,M,0.259349592154548
Хлань Сергій Володимирович,185,0,0.30449409378891,БПП,БПП,47,M,0
Філіпчук Павло Ігорович,185,0,0.0664659656393868,опозиційна платформа за життя,NA,36,M,-0.238028128149523
Ковальов Олексій Іванович,186,1,0.627363955897699,слуга народу,NA,30,M,0.338895658728383
Негой Федір Федорович,186,0,0.288468297169317,БПП,БПП,61,M,0
Рибалко Сергій Вікторович,186,0,0.0425968152938474,опозиційна платформа за життя,NA,51,M,-0.24587148187547
Мельник Сергій Іванович,187,1,0.650225653268703,БПП,БПП,54,M,0.350406963009228
Стефанчук Микола Олексійович,187,0,0.299818690259475,слуга народу,NA,38,M,0
Діденко Віталій Васильович,187,0,0.0242513415362237,свобода,NA,44,M,-0.275567348723251
Лабазюк Сергій Петрович,188,1,0.913684703866396,воля народу,воля народу,39,M,0.878480061400664
Кліщ Віктор Васильович,188,0,0.0352046424657316,unaffiliated,NA,57,M,0
Бочкарьова Оксана Валеріївна,188,0,0.0342284234725928,слуга народу,NA,43,F,-0.000976218993138787
Шинькович Андрій Васильович,189,1,0.71903456565006,БПП,БПП,43,M,0.596762707860501
Яцков Борис Олександрович,189,0,0.122271857789558,відродження,"Член депутатської групи ""Партія ""Відродження""",53,M,0
Копанчук Олена Євгенівна,189,0,0.0870817779098434,слуга народу,NA,41,F,-0.0351900798797147
Мацола Роман Миколайович,190,1,0.775069569168601,БПП,БПП,45,M,0.596211894371507
Жмеренецький Олексій Сергійович,190,0,0.178857674797094,слуга народу,NA,33,M,0
Шпег Ярослав Іванович,190,0,0.017703205677737,свобода,NA,38,M,-0.161154469119357
Бондар Віктор Васильович,191,1,0.889888875686129,відродження,відродження,44,M,0.845345246154997
Потапова Марина Валеріївна,191,0,0.0445436295311322,слуга народу,NA,45,F,0
Бойко Михайло Дмитрович,191,0,0.0341100592213466,unaffiliated,NA,50,M,-0.0104335703097856
Герега Олександр Володимирович,192,1,0.844702746328841,відродження,"Член депутатської групи ""Партія ""Відродження""",52,M,0.726210492090516
Гуменюк Василь Васильович,192,0,0.118492254238324,слуга народу,NA,30,M,0
Коваль Сергій Володимирович,192,0,0.0137763965530016,unaffiliated,NA,40,M,-0.104715857685323
Мельниченко Володимир Володимирович,193,1,0.879558939133551,БПП,БПП,54,M,0.816939013504602
Посітко Михайло Володимирович,193,0,0.0626199256289487,свобода,NA,34,M,0
Марчук Ігор Петрович,193,0,0.0232765740746609,слуга народу,NA,50,M,-0.0393433515542878
Шпак Любов Олександрівна,194,1,0.776766663941919,слуга народу,NA,39,F,0.67805293712989
Рубан Сергій Леонідович,194,0,0.0987137268120286,європейська солідарність,NA,32,M,0
Рибченко Олександр Володимирович,194,0,0.048681932228091,unaffiliated,NA,57,M,-0.0500317945839376
Арсенюк Олег Олексійович,195,1,0.725573838298903,слуга народу,NA,33,M,0.579442442832117
Квітка Віктор Володимирович,195,0,0.146131395466786,unaffiliated,NA,53,M,0
Савенко Олександр Сергійович,195,0,0.042571262228552,європейська солідарність,NA,33,M,-0.103560133238234
Бобов Геннадій Борисович,196,1,0.749174389507531,відродження,відродження,54,M,0.523306135597299
Стріхарський Андрій Петрович,196,0,0.225868253910232,слуга народу,NA,38,M,0
Шерстюк Сергій Володимирович,196,0,0.0103334011715268,unaffiliated,NA,53,M,-0.215534852738705
Голуб Владислав Володимирович,197,1,0.709343753849249,відродження,"Член депутатської групи ""Партія ""Відродження""",36,M,0.4468889288386
Скічко Олександр Олександрович,197,0,0.262454825010649,слуга народу,NA,28,M,0
Шабатура Сергій Володимирович,197,0,0.0145438347064964,європейська солідарність,NA,38,M,-0.247910990304153
Рудик Сергій Ярославович,198,1,0.863971432533258,БПП,БПП,49,M,0.806787885074188
Кармазін Юрій Анатолійович,198,0,0.0571835474590701,unaffiliated,NA,62,M,0
Супрун Людмила Павлівна,198,0,0.038016074556686,unaffiliated,NA,54,F,-0.0191674729023841
Ничипоренко Валентин Миколайович,199,1,0.562472023073398,відродження,"Член депутатської групи ""Партія ""Відродження""",58,M,0.241262574838299
Заліщук Світлана Петрівна,199,0,0.321209448235099,воля народу,"Член депутатської групи ""Воля народу""",37,F,0
Нагорняк Сергій Володимирович,199,0,0.0718874609341905,слуга народу,NA,37,M,-0.249321987300909
Яценко Антон Володимирович,200,1,0.864759063134139,відродження,відродження,42,M,0.81417985353878
Воронцова Олена Володимирівна,200,0,0.0505792095953595,слуга народу,NA,38,F,0
Затишняк Олександр Володимирович,200,0,0.0298379667449355,unaffiliated,NA,33,M,-0.0207412428504241
Продан Оксана Петрівна,201,1,0.336303972381678,БПП,БПП,45,F,0.0242756148154579
Лис Олена Георгіївна,201,0,0.31202835756622,слуга народу,NA,48,F,0
Федорук Микола Трохимович,201,0,0.302233172763565,народний фронт,політичної партії народний фронт,65,M,-0.0097951848026549
Рибак Іван Петрович,202,1,0.59817219305418,БПП,БПП,41,M,0.273164334439331
Заремський Максим Валентинович,202,0,0.325007858614848,слуга народу,NA,28,M,0
Тодеренчук Василь Мірчович,202,0,0.0359116158583996,unaffiliated,NA,47,M,-0.289096242756448
Тіміш Григорій Іванович,203,1,0.470601767780717,БПП,БПП,49,M,0.049596637300253
Мазурашу Георгій Георгійович,203,0,0.421005130480464,слуга народу,NA,48,M,0
Попеску Іван Васильович,203,0,0.0630796546777084,воля народу,"Член депутатської групи ""Воля народу""",55,M,-0.357925475802756
Бурбак Максим Юрійович,204,1,0.525987523632001,народний фронт,політичної партії народний фронт,43,M,0.118330351313826
Божик Валерій Іванович,204,0,0.407657172318175,слуга народу,NA,48,M,0
Бойко Андрій Юліанович,204,0,0.0354495342513955,unaffiliated,NA,47,M,-0.372207638066779
Куліч Валерій Петрович,205,1,0.548256246614852,воля народу,"Член депутатської групи ""Воля народу""",46,M,0.268309302302838
Семінський Олег Валерійович,205,0,0.279946944312013,слуга народу,NA,46,M,0
Ткаченко Володимир Володимирович,205,0,0.114909077783163,воля народу,"Член депутатської групи ""Воля народу""",55,M,-0.165037866528851
Микитась Максим Вікторович,206,1,0.561208897067119,воля народу,воля народу,39,M,0.204794611471101
Поляков Антон Едуардович,206,0,0.356414285596018,слуга народу,NA,32,M,0
Скварський Олег Віталійович,206,0,0.024568308849742,unaffiliated,NA,53,M,-0.331845976746276
Євлахов Анатолій Сергійович,207,1,0.675103432398964,БПП,БПП,38,M,0.469120506040843
Зуєв Максим Сергійович,207,0,0.205982926358122,слуга народу,NA,37,M,0
Рибаков Ігор Олександрович,207,0,0.0498544591767952,unaffiliated,NA,43,M,-0.156128467181326
Давиденко Валерій Миколайович,208,1,0.674346412904878,БПП,БПП,46,M,0.462683250563627
Панченко Антон Олександрович,208,0,0.211663162341251,слуга народу,NA,24,M,0
Бровченко Костянтин Михайлович,208,0,0.0461320405238001,батьківщина,NA,33,M,-0.165531121817451
Кодола Олександр Михайлович,209,1,0.798615592439098,народний фронт,політичної партії народний фронт,37,M,0.700990348726725
Зуб Валерій Олексійович,209,0,0.0976252437123736,слуга народу,NA,49,M,0
Гунько Анатолій Григорович,209,0,0.0390469066865719,батьківщина,NA,43,M,-0.0585783370258017
Дмитренко Олег Миколайович,210,1,0.709877111770931,БПП,БПП,46,M,0.556678205191563
Пахомов Дмитро Анатолійович,210,0,0.153198906579368,слуга народу,NA,33,M,0
Коровченко Сергій Володимирович,210,0,0.0829385062159536,народний фронт,"Член депутатської фракції Політичної партії ""НАРОДНИЙ ФРОНТ""",40,M,-0.0702604003634148
Юрченко Олександр Миколайович,211,1,0.67387387136186,слуга народу,NA,31,M,0.533010740656071
Козак Тарас Мирославович,211,0,0.14086313070579,голос,NA,49,M,0
Прокопів Володимир Володимирович,211,0,0.0803586416465809,європейська солідарність,NA,36,M,-0.0605044890592089
Сташук Віталій Филимонович,212,1,0.546140900337854,народний фронт,політичної партії народний фронт,47,M,0.197233167698558
Перебийніс Максим Вікторович,212,0,0.348907732639296,слуга народу,NA,45,M,0
Задерейко Андрій Іванович,212,0,0.0567062288666049,європейська солідарність,NA,42,M,-0.292201503772691
Дубнов Артем Васильович,213,1,0.44773443471287,слуга народу,NA,31,M,0.00272648812792786
Береза Борислав Юхимович,213,0,0.445007946584943,БПП,"Член депутатської фракції ПАРТІЇ ""БПП""",45,M,0
Мотуз Вадим Валерійович,213,0,0.0481183910384146,опозиційна платформа за життя,NA,37,M,-0.396889555546528
Швець Сергій Федорович,214,1,0.613370162939525,слуга народу,NA,43,M,0.504008202446262
Маляревич Олесь Вікторович,214,0,0.109361960493263,європейська солідарність,NA,40,M,0
Чумак Віктор Васильович,214,0,0.100639462355771,громадянський рух хвиля,NA,61,M,-0.00872249813749232
Яременко Богдан Васильович,215,1,0.636314330131732,слуга народу,NA,48,M,0.413648298033844
Іллєнко Андрій Юрійович,215,0,0.222666032097889,свобода,NA,32,M,0
Кузьменко Андрій Павлович,215,0,0.0846940896671596,голос,NA,46,M,-0.137971942430729
Супруненко Олександр Іванович,216,1,0.546013934570494,воля народу,воля народу,48,M,0.22791185024981
Забуранна Леся Валентинівна,216,0,0.318102084320683,слуга народу,NA,38,F,0
Левін Володимир Ілліч,216,0,0.0558836139000429,європейська солідарність,NA,49,M,-0.26221847042064
Безугла Маряна Володимирівна,217,1,0.670310917198027,слуга народу,NA,31,F,0.510421934442491
Костенко Людмила Василівна,217,0,0.159888982755536,європейська солідарність,NA,40,F,0
Гончаренко Ганна Володимирівна,217,0,0.0712876045874709,unaffiliated,NA,42,F,-0.088601378168065
Гурін Дмитро Олександрович,218,1,0.77441888694806,слуга народу,NA,37,M,0.682256252907236
Коновал Тарас Павлович,218,0,0.092162634040824,unaffiliated,NA,39,M,0
Плахтій Леся Вікторівна,218,0,0.0873500112494592,опозиційна платформа за життя,NA,40,F,-0.00481262279136488
Третьяков Олександр Юрійович,219,1,0.575952984794948,БПП,БПП,49,M,0.254411673537972
Тищенко Микола Миколайович,219,0,0.321541311256976,слуга народу,NA,47,M,0
Грабар Микола Федорович,219,0,0.0604059643813834,unaffiliated,NA,57,M,-0.261135346875592
Лещенко Сергій Анатолійович,220,1,0.732966116835584,народний фронт,"Член депутатської фракції Політичної партії ""НАРОДНИЙ ФРОНТ""",39,M,0.556938532795436
Бондар Ганна Вячеславівна,220,0,0.176027584040148,слуга народу,NA,44,F,0
Окопний Олексій Юрійович,220,0,0.0560216065140945,європейська солідарність,NA,35,M,-0.120005977526054
Ємець Леонід Олександрович,221,1,0.592815490384796,голос,політичної партії народний фронт,40,M,0.429012943389302
Терентьєв Михайло Олександрович,221,0,0.163802546995494,європейська солідарність,NA,34,M,0
Пуртова Анна Анатоліївна,221,0,0.16064537196587,слуга народу,NA,37,F,-0.0031571750296242
Андрієвський Дмитро Йосипович,222,1,0.526638770068961,БПП,БПП,52,M,0.10651995154879
Грищук Роман Павлович,222,0,0.420118818520172,слуга народу,NA,30,M,0
Луцький Максим Георгійович,222,0,0.0241611312166262,опозиційна платформа за життя,NA,43,M,-0.395957687303546
Пташник Вікторія Юріївна,223,1,0.42106712776289,голос,NA,36,F,0.11566102845602
Левченко Юрій Володимирович,223,0,0.30540609930687,свобода,NA,35,M,0
Буймістер Людмила Анатоліївна,223,0,0.2042345586142,слуга народу,NA,34,F,-0.10117154069267