oblast_name,TVO_2010.tvo,TVO_2010.includes,TVO_2012.tvo,TVO_2012.includes,details_same_int,indices,similar
Автономна Республіка Крим,1,"Центральний, Залізничний райони в місті Сімферополі",1,"Залізничний район міста Сімферополя з населеними пунктами Залізничної районної в місті Сімферополі ради, Центральний район міста Сімферополя",TRUE,"1,1",
Автономна Республіка Крим,2,Київський район у місті Сімферополі,2,"Київський район міста Сімферополя з населеними пунктами Київської районної в місті Сімферополі ради, частина Сімферопольського району (виборчі дільниці № 010583 – 010595, 010601 – 010603, 010631 –010637, 010647, 010648)",FALSE,,
Автономна Республіка Крим,3,"місто Джанкой, Джанкойський, Красногвардійський райони",3,"місто Джанкой, Джанкойський, Красногвардійський райони",TRUE,"3,3",
Автономна Республіка Крим,4,"міста Євпаторія, Саки, Сакський район",4,"міста Євпаторія з населеними пунктами Євпаторійської міської ради, Саки, Сакський район",TRUE,"4,4",
Автономна Республіка Крим,5,"місто Керч, Ленінський район",5,"місто Керч, частина Ленінського району (виборчі дільниці № 010346 – 010356, 010358, 010360 – 010363, 010365, 010366, 010370 –010374, 010379 – 010385)",FALSE,,
Автономна Республіка Крим,6,"міста Феодосія, Судак, Кіровський район",6,"місто Феодосія з населеними пунктами Феодосійської міської ради, Кіровський район, частина Ленінського району (виборчі дільниці № 010343 – 010345, 010357, 010359, 010364, 010367 – 010369, 010375 –010378, 010386 – 010394)",FALSE,,
Автономна Республіка Крим,7,"міста Ялта, Алушта",7,"міста Алушта, Ялта з населеними пунктами Алуштинської та Ялтинської міських рад",TRUE,"7,7",
Автономна Республіка Крим,8,"Білогірський, Нижньогірський, Совєтський райони",8,"місто Судак з населеними пунктами Судацької міської ради, Білогірський, Нижньогірський, Совєтський райони, частина Сімферопольського району (виборчі дільниці № 010608, 010609, 010612 – 010614)",FALSE,,
Автономна Республіка Крим,9,"міста Красноперекопськ, Армянськ, Красноперекопський, Первомайський, Роздольненський, Чорноморський райони",9,"міста Армянськ з населеними пунктами Армянської міської ради, Красноперекопськ, Красноперекопський, Первомайський, Роздольненський, Чорноморський райони",TRUE,"9,9",
Автономна Республіка Крим,10,"Сімферопольський, Бахчисарайський райони",10,"Бахчисарайський район, частина Сімферопольського району (виборчі дільниці № 010564 – 010582, 010596 – 010600, 010604 – 010607, 010610, 010611, 010615 – 010630, 010638 – 010646)",FALSE,,
Вінницька область,11,"Ленінський, Староміський райони в місті Вінниці",11,"частина міста Вінниці (виборчі дільниці № 051477 – 051547, 051575 – 051586), частина Вінницького району (виборчі дільниці № 050130 –050137, 050145, 050149, 050154 – 050156, 050161, 050162, 050164 – 050167, 050185 – 050192)",FALSE,,
Вінницька область,12,"Замостянський район у місті Вінниці, Вінницький район",12,"частина міста Вінниці (виборчі дільниці № 051435 – 051476, 051548 –051574, 051587 – 051590), частина Вінницького району (виборчі дільниці № 050125 – 050129, 050138 – 050144, 050146 – 050148, 050150 –050153, 050157 – 050160, 050163, 050168 – 050184)",FALSE,,maybe
Вінницька область,13,"міста Козятин, Хмільник, Калинівський, Козятинський, Хмільницький райони",13,"міста Козятин, Хмільник, Калинівський, Козятинський, Хмільницький райони",TRUE,"13,13",
Вінницька область,14,"місто Жмеринка, Барський, Жмеринський, Літинський, Мурованокуриловецький райони",14,"місто Жмеринка, Барський, Жмеринський, Літинський, Тиврівський райони",FALSE,,"maybe, one district different"
Вінницька область,15,"Гайсинський, Іллінецький, Липовецький, Оратівський, Погребищенський райони",15,"Мурованокуриловецький, Томашпільський, Тульчинський, Чернівецький, Шаргородський райони",FALSE,,
Вінницька область,16,"Немирівський, Тиврівський, Тульчинський, Шаргородський райони",18,"Іллінецький, Липовецький, Немирівський, Оратівський, Погребищенський райони",FALSE,,
Вінницька область,17,"місто Ладижин, Бершадський, Піщанський, Теплицький, Тростянецький, Чечельницький райони",17,"місто Ладижин, Бершадський, Гайсинський, Теплицький, Тростянецький райони",FALSE,"17,17","yes, - піщанський, чечельницький, + гайсинський"
Вінницька область,18,"місто Могилів-Подільський, Крижопільський, Могилів-Подільський, Томашпільський, Чернівецький, Ямпільський райони",16,"місто Могилів-Подільський, Крижопільський, Могилів-Подільський, Піщанський, Чечельницький, Ямпільський райони",FALSE,,
Волинська область,19,"міста Володимир-Волинський, Нововолинськ, Володимир-Волинський, Іваничівський, Любомльський райони",19,"міста Володимир-Волинський, Нововолинськ, Володимир-Волинський, Іваничівський, Любомльський райони",TRUE,"19,19",
Волинська область,20,"Горохівський, Локачинський, Луцький, Рожищенський, Турійський райони",20,"Горохівський, Локачинський, Луцький, Рожищенський, Турійський райони",TRUE,"20,2",
Волинська область,21,"місто Ковель, Ковельський, Ратнівський, Старовижівський, Шацький райони",21,"місто Ковель, Ковельський, Ратнівський, Старовижівський, Шацький райони",TRUE,"21,21",
Волинська область,22,місто Луцьк,22,місто Луцьк,TRUE,"22,22",
Волинська область,23,"Камінь-Каширський, Ківерцівський, Любешівський, Маневицький райони",23,"Камінь-Каширський, Ківерцівський, Любешівський, Маневицький райони",TRUE,"23,23",
Дніпропетровська область,24,Амур-Нижньодніпровський район у місті Дніпропетровську,24,"Індустріальний район, частина Самарського району міста Дніпропетровська виборчі дільниці № 121444 – 121463, 121467 – 121479, 121481)",FALSE,"24,25","yes, + красногвардійьский"
Дніпропетровська область,25,"Індустріальний, Самарський райони в місті Дніпропетровську",25,"частина Амур-Нижньодніпровського району (виборчі дільниці № 121063, 121064, 121071 – 121077, 121084, 121087 – 121103), Красногвардійський район міста Дніпропетровська",FALSE,"25,24","yes, - частина самарського"
Дніпропетровська область,26,Жовтневий район у місті Дніпропетровську,26,"Бабушкінський район, частина Кіровського району міста Дніпропетровська (виборчі дільниці № 121286 – 121298, 121310 – 121315), смт Авіаторське Дніпропетровської міської ради",FALSE,"26,27","yes, + частина кіровського і самарського"
Дніпропетровська область,27,"Бабушкінський район у місті Дніпропетровську, смт Авіаторське Дніпропетровської міської ради",27,"Жовтневий район, частина Кіровського (виборчі дільниці № 121299 – 121309, 121316, 121317), частина Самарського (виборчі дільниці № 121464 – 121466, 121480) районів міста Дніпропетровська",FALSE,"27,26","yes, + частина кіровьского "
Дніпропетровська область,28,"Красногвардійський, Кіровський райони в місті Дніпропетровську",28,"Ленінський район міста Дніпропетровська, частина Амур-Нижньодніпровського району (виборчі дільниці № 121059 – 121062)",FALSE,"28,25","yes, - кіровський which is split between 26 and 27"
Дніпропетровська область,29,Ленінський район у місті Дніпропетровську,29,"частина Амур-Нижньодніпровського району міста Дніпропетровська (виборчі дільниці № 121046 – 121058, 121065 – 121070, 121078 – 121083, 121085, 121086, 121104), Дніпропетровський, Петриківський райони",TRUE,"29,28","yes, + частина Амур-Нижньодніпровського"
Дніпропетровська область,30,"місто Дніпродзержинськ, смт Карнаухівка, селище Світле Баглійської районної в місті Дніпродзержинську ради",30,"Баглійський, Дніпровський райони, частина Заводського району міста Дніпродзержинська (виборчі дільниці № 121012 – 121021, 121028, 121030, 121036 – 121038, 121040 – 121043)",FALSE,,check
Дніпропетровська область,31,"Жовтневий, Тернівський райони в місті Кривому Розі, селища Гірницьке, Коломійцеве, села Новоіванівка і Тернуватий Кут Криворізької міської ради",31,"Жовтневий район, частина Тернівського району міста Кривого Рогу (виборчі дільниці № 121694 – 121728, 121730 – 121733), селища Гірницьке, Коломійцеве, села Новоіванівка, Тернуватий Кут Криворізької міської ради",FALSE,"31,31","yes, - частина Тернівського району"
Дніпропетровська область,32,"Саксаганський, Довгинцівський райони міста Кривого Рогу",32,"Довгинцівський район, частина Саксаганського району міста Кривого Рогу (виборчі дільниці № 121638 – 121683, 121690 – 121693)",FALSE,"32,32","yes, - частина Саксаганського району"
Дніпропетровська область,33,"Дзержинський, Інгулецький, Центрально-Міський райони в місті Кривому Розі, селище Авангард Криворізької міської ради",33,"Дзержинський район, частина Інгулецького (виборчі дільниці № 121611 – 121619, 121636), частина Саксаганського (виборчі дільниці № 121684 – 121689) районів, Центрально-Міський район міста Кривого Рогу, селище Авангард Криворізької міської ради",FALSE,"33,33","yes, - частина інгулецького району + частина саксаганського району"
Дніпропетровська область,34,"Верхньодніпровський, П'ятихатський райони, міста Вільногірськ, Жовті Води, село Суха Балка Жовтоводської міської ради",34,"міста Вільногірськ, Жовті Води, Верхньодніпровський, П’ятихатський, Царичанський райони",FALSE,"34,34","yes, + село Суха Балка I think it is part of zhovti vody)"
Дніпропетровська область,35,"Нікопольський район, міста Марганець, Нікополь, смт Мар'ївка, селище Максимівка Марганецької міської ради",35,"міста Нікополь, Орджонікідзе, Нікопольський район",FALSE,"35,35","yes, - місто Марганець і селище Максимівка Марганецької міської ради + Орджонікідзе (покров)"
Дніпропетровська область,36,"Павлоградський, Петропавлівський, Юр'ївський райони, міста Павлоград, Першотравенськ, Тернівка, село Зелена Долина Тернівської міської ради",36,"міста Павлоград, Першотравенськ, Тернівка, Павлоградський район",FALSE,"36,36","yes, - Петропавлівський і Юр'ївський"
Дніпропетровська область,37,"Апостолівський, Криворізький, Софіївський, Широківський райони, місто Орджонікідзе, селища міського типу Гірницьке, Чортомлик Орджонікідзевської міської ради",37,"частина Інгулецького (виборчі дільниці № 121620 – 121635, 121637), частина Тернівського (виборча дільниця № 121729) районів міста Кривого Рогу, Апостолівський, Криворізький, Софіївський, Широківський райони",FALSE,"37,37","yes, - Орджонікідзе + частина Інгулецького + частина Тернівського "
Дніпропетровська область,38,"місто Новомосковськ, Магдалинівский, Новомосковський, Петриківський, Царичанський райони",38,"місто Новомосковськ, Магдалинівський, Новомосковський, Юр’ївський райони",FALSE,"38,38","yes, - Петриківський і Царичанський райони + Юр’ївський"
Дніпропетровська область,39,"місто Синельникове, Васильківський, Межівський, Покровський, Синельниківський райони",39,"місто Синельникове, Васильківський, Межівський, Петропавлівський, Покровський, Синельниківський райони",FALSE,"39,39","yes, + Петропавлівський"
Дніпропетровська область,40,"Дніпропетровський, Криничанський, Солонянський, Томаківський райони",40,"місто Марганець, частина Заводського району міста Дніпродзержинська (виборчі дільниці № 121022 – 121027, 121029, 121031 –121035, 121039, 121044, 121045), Криничанський, Солонянський, Томаківський райони",FALSE,"40,4","yes, - Дніпропетровський район і місто Марганець і частина Заводського району"
Донецька область,41,"Будьоннівський, Пролетарський райони в місті Донецьку",41,"Будьонівський, Пролетарський райони міста Донецька",TRUE,"41,41",
Донецька область,42,"Ворошиловський, Калінінський райони в місті Донецьку",42,"Ворошиловський, Калінінський райони, частина Куйбишевського району міста Донецька (виборчі дільниці № 141833, 141836 – 141842)",FALSE,"42,42","yes, + частина Куйбишевського"
Донецька область,43,"Куйбишевський, Ленінський райони в місті Донецьку",43,"Ленінський район, частина Кіровського (виборчі дільниці № 141805 – 141811), частина Куйбишевського (виборчі дільниці № 141827 –141832, 141834, 141835, 141843 – 141871, 141873, 141874) районів міста Донецька",FALSE,,
Донецька область,44,"Кіровський, Петровський райони в місті Донецьку",44,"Петровський район, частина Кіровського району міста Донецька (виборчі дільниці № 141763 – 141804, 141812 – 141826)",FALSE,,
Донецька область,45,"Ясинуватський район, Київський район у місті Донецьку, міста Авдіївка, Ясинувата",45,"міста Авдіївка, Ясинувата, Київський район міста Донецька, Ясинуватський район",TRUE,,
Донецька область,46,"міста Артемівськ, Красний Лиман, Артемівський, Краснолиманський райони",46,"міста Артемівськ, Красний Лиман, Артемівський район",TRUE,,
Донецька область,47,"Слов'янський, Олександрівський райони, місто Слов'янськ",47,"місто Слов’янськ, Олександрівський, Слов’янський райони",TRUE,,
Донецька область,48,місто Краматорськ,48,місто Краматорськ,TRUE,,
Донецька область,49,"Добропільський район, міста Димитров, Добропілля, Дружківка",50,"міста Димитров, Добропілля, Красноармійськ, Добропільський район",,,
Донецька область,50,"Костянтинівський, Красноармійський райони, міста Костянтинівка, Красноармійськ",49,"міста Дружківка, Костянтинівка, Костянтинівський, Красноармійський райони",TRUE,,
Донецька область,51,"Микитівський, Центрально-Міський райони в місті Горлівці",51,"Микитівський, Центрально-Міський райони міста Горлівки",TRUE,,
Донецька область,52,"Калінінський район у місті Горлівці, міста Дебальцеве, Дзержинськ",52,"міста Дебальцеве, Дзержинськ, Калінінський район міста Горлівки",TRUE,,
Донецька область,53,"міста Єнакієве, Жданівка, Кіровське",53,"міста Єнакієве, Торез",FALSE,,
Донецька область,54,"Шахтарський район, міста Сніжне, Торез",53,"міста Єнакієве, Торез",FALSE,,
Донецька область,55,"міста Харцизьк, Шахтарськ",54,"міста Харцизьк, Шахтарськ, Шахтарський район",TRUE,,
Донецька область,56,"Гірницький, Совєтський райони в місті Макіївці",55,"міста Жданівка, Кіровське, Гірницький, Совєтський райони міста Макіївки",FALSE,,
Донецька область,57,"Кіровський, Центрально-Міський, Червоногвардійський райони в місті Макіївці",56,"Кіровський, Червоногвардійський, Центрально-Міський райони міста Макіївки",FALSE,,
Донецька область,58,"Іллічівський, Орджонікідзевський райони в місті Маріуполі",57,"Іллічівський, Орджонікідзевський райони міста Маріуполя",TRUE,,
Донецька область,59,"Жовтневий, Приморський райони в місті Маріуполі",58,"Жовтневий, Приморський райони міста Маріуполя",TRUE,,
Донецька область,60,"Великоновосілківський, Мар'їнський райони, міста Новогродівка, Селидове",59,"міста Вугледар, Новогродівка, Селидове, Великоновосілківський, Мар’їнський райони",TRUE,,
Донецька область,61,"Волноваський, Володарський, Першотравневий райони, міста Вугледар, Докучаєвськ",61,"міста Докучаєвськ, Сніжне, Амвросіївський, Старобешівський райони",TRUE,,
Донецька область,62,"Амвросіївський, Новоазовський, Старобешівський, Тельманівський райони",60,"Волноваський, Володарський, Новоазовський, Першотравневий, Тельманівський райони",FALSE,,
Житомирська область,63,"Богунський, Корольовський райони в місті Житомирі",62,"частина Богунського району (виборчі дільниці № 181338 –181372, 181382 – 181386, 181388, 181389, 181399 – 181403), Корольовський район міста Житомира",FALSE,,
Житомирська область,64,"Бердичівський, Любарський, Романівський, Чуднівський райони, місто Бердичів",63,"місто Бердичів, Андрушівський, Бердичівський, Попільнянський, Ружинський райони",TRUE,,
Житомирська область,65,"Коростенський, Лугинський, Овруцький, Олевський райони, місто Коростень",64,"місто Коростень, Коростенський, Лугинський, Овруцький, Олевський райони",TRUE,,
Житомирська область,66,"Баранівський, Ємільчинський, Новоград-Волинський, Червоноармійський райони, місто Новоград-Волинський",65,"місто Новоград-Волинський, Баранівський, Ємільчинський, Новоград-Волинський, Червоноармійський райони",TRUE,,
Житомирська область,67,"Володарсько-Волинський, Коростишівський, Малинський, Народицький, Радомишльський, Черняхівський райони, місто Малин",66,"місто Малин, Брусилівський, Володарсько-Волинський, Коростишівський, Малинський, Народицький, Радомишльський, Черняхівський райони",FALSE,,
Житомирська область,68,"Андрушівський, Брусилівський, Житомирський, Попільнянський, Ружинський райони",67,"частина Богунського району міста Житомира (виборчі дільниці № 181373 – 181381, 181387, 181390 – 181398), Житомирський, Любарський, Романівський, Чуднівський райони",FALSE,,
Закарпатська область,69,"Ужгородський район, міста Ужгород, Чоп",68,"міста Ужгород, Чоп, Ужгородський район",TRUE,,
Закарпатська область,70,"Мукачівський район, місто Мукачеве",69,"місто Мукачеве, частина Берегівського (виборчі дільниці № 210003 – 210005, 210012, 210013, 210015, 210017, 210019, 210021, 210029 – 210032, 210035), частина Іршавського (виборчі дільниці № 210172 –210180, 210203 – 210212, 210223 – 210228), частина Мукачівського (виборчі дільниці № 210303 – 210330, 210332 – 210339, 210343 – 210345, 210347 – 210365) районів",FALSE,,
Закарпатська область,71,"Великоберезнянський, Воловецький, Міжгірський, Перечинський, Свалявський райони",70,"Великоберезнянський, Воловецький, Міжгірський, Перечинський, Свалявський райони, частина Мукачівського району (виборчі дільниці № 210278 – 210302, 210331, 210340 – 210342, 210346)",TRUE,,FALSE
Закарпатська область,72,"Іршавський, Хустський райони, місто Хуст",71,"місто Хуст, Хустський район, частина Іршавського (виборчі дільниці № 210168 –210171, 210181 – 210183, 210185 – 210190, 210192 – 210195, 210198 – 210202), частина Тячівського (виборчі дільниці № 210479 –210481, 210504, 210516, 210522 – 210524, 210529, 210534, 210535, 210537, 210538) районів",TRUE,,
Закарпатська область,73,"Рахівський, Тячівський райони",72,"Рахівський район, частина Тячівського району (виборчі дільниці № 210474 – 210478, 210482 – 210503, 210505 – 210515, 210517 – 210521, 210525 – 210528, 210530 – 210533, 210536, 210539 – 210547)",TRUE,,
Закарпатська область,74,"Берегівський, Виноградівський райони, місто Берегове",73,"місто Берегове, Виноградівський район, частина Берегівського (виборчі дільниці № 210001, 210002, 210006 – 210011, 210014, 210016, 210018, 210020, 210022 – 210028, 210033, 210034, 210036), частина Іршавського (виборчі дільниці № 210184, 210191, 210196, 210197, 210213 – 210222) районів",TRUE,,
Запорізька область,75,"Жовтневий, Комунарський райони в місті Запоріжжі",74,"Комунарський район, частина Жовтневого району міста Запоріжжя (виборчі дільниці № 230811, 230814, 230820 – 230836)",TRUE,,
Запорізька область,76,"Заводський, Ленінський райони в місті Запоріжжі",75,"Заводський, Ленінський райони міста Запоріжжя",TRUE,,
Запорізька область,77,"Орджонікідзевський, Хортицький райони в місті Запоріжжі",76,"Орджонікідзевський, Хортицький райони міста Запоріжжя",TRUE,,
Запорізька область,78,Шевченківський район у місті Запоріжжі,77,"Шевченківський район, частина Жовтневого району міста Запоріжжя (виборчі дільниці № 230809, 230810, 230812, 230813, 230815 –230819)",TRUE,,
Запорізька область,79,"Бердянський, Куйбишевський, Розівський, Чернігівський райони, місто Бердянськ",78,"місто Бердянськ з населеними пунктами Бердянської міської ради, Бердянський, Куйбишевський, Розівський, Чернігівський райони",TRUE,,
Запорізька область,80,"Василівський, Великобілозерський, Кам'янсько-Дніпровський, Оріхівський райони, місто Енергодар",79,"місто Енергодар, Василівський, Великобілозерський, Кам’янсько-Дніпровський райони, частина Оріхівського району (виборчі дільниці № 230376 – 230386, 230388 – 230392, 230394 – 230399, 230401 –230406, 230408 – 230414)",TRUE,,
Запорізька область,81,"Мелітопольський район, місто Мелітополь",80,"місто Мелітополь, Мелітопольський район",TRUE,,
Запорізька область,82,"Веселівський, Михайлівський, Приазовський, Приморський, Токмацький, Якимівський райони, місто Токмак",81,"місто Токмак, Веселівський, Михайлівський, Приазовський, Приморський, Токмацький, Якимівський райони",TRUE,,
Запорізька область,83,"Вільнянський, Гуляйпільський, Запорізький, Новомиколаївський, Пологівський райони",82,"Гуляйпільський, Вільнянський, Запорізький, Новомиколаївський, Пологівський райони, частина Оріхівського району (виборчі дільниці № 230387, 230393, 230400, 230407)",TRUE,,
Івано-Франківська область,84,місто Івано-Франківськ (з населеними пунктами Івано-Франківської міської ради),83,"частина міста Івано-Франківська (виборчі дільниці № 260855 –260884, 260887 – 260907, 260911 – 260917, 260919 – 260943, 260946 –260961)        ",FALSE,,
Івано-Франківська область,85,"Городенківський, Тисменицький, Тлумацький райони",84,"частина міста Івано-Франківська (виборчі дільниці № 260885, 260886, 260908 – 260910, 260918, 260944, 260945), Тисменицький, Тлумацький райони, частина Галицького району (виборчі дільниці № 260087 – 260105, 260110 – 260129, 260131, 260132, 260134 – 260139, 260141 – 260153, 260155 – 260164)",FALSE,,
Івано-Франківська область,86,"місто Калуш, Галицький, Калуський, Рогатинський райони",85,"місто Калуш, Калуський, Рогатинський райони, частина Галицького району (виборчі дільниці № 260106 – 260109, 260130, 260133, 260140, 260154)",TRUE,,
Івано-Франківська область,87,"Богородчанський, Долинський, Рожнятівський райони, місто Болехів (з населеними пунктами Болехівської міської ради)",86,"місто Болехів з населеними пунктами Болехівської міської ради, Долинський, Рожнятівський райони, частина Богородчанського району (виборчі дільниці № 260008, 260009, 260014, 260015, 260020 – 260023, 260027, 260034 – 260039, 260045, 260046)",TRUE,,
Івано-Франківська область,88,"Верховинський, Надвірнянський райони, місто Яремче (з населеними пунктами Яремчанської міської ради)",87,"місто Яремче з населеними пунктами Яремчанської міської ради, Надвірнянський район, частина Богородчанського (виборчі дільниці № 260001 – 260007, 260010 – 260013, 260016 – 260019, 260024 – 260026, 260028 – 260033, 260040 – 260044, 260047), частина Коломийського (виборчі дільниці № 260329 – 260338, 260408) районів",FALSE,,
Івано-Франківська область,89,"Коломийський район, місто Коломия",88,"місто Коломия, Городенківський район, частина Коломийського району (виборчі дільниці № 260339 – 260407, 260409 – 260411)",FALSE,,
Івано-Франківська область,90,"Косівський, Снятинський райони",89,"Верховинський, Косівський, Снятинський райони",FALSE,,
Київська область,91,"Білоцерківський район, місто Біла Церква",90,місто Біла Церква,FALSE,,
Київська область,92,"місто Фастів, Макарівський, Фастівський райони",91,"місто Фастів, Макарівський, Фастівський райони, частина Києво-Святошинського (виборчі дільниці № 320562, 320578 – 320582, 320597, 320598, 320607 – 320609, 320612 – 320614, 320617, 320618, 320624, 320628 – 320640, 320642), частина Сквирського (виборчі дільниці № 320872 –320874, 320878, 320879, 320883 – 320885, 320887 – 320889, 320893, 320894, 320896 – 320900, 320902, 320903) районів",FALSE,,
Київська область,93,"Володарський, Сквирський, Ставищенський, Таращанський, Тетіївський райони",92,"Білоцерківський, Володарський, Ставищенський, Таращанський, Тетіївський райони, частина Сквирського району (виборчі дільниці № 320862 – 320871, 320875 – 320877, 320880 – 320882, 320886, 320890 – 320892, 320895, 320901, 320904 – 320909)",FALSE,,
Київська область,94,"місто Ржищів, Богуславський, Кагарлицький, Миронівський, Рокитнянський райони",93,"міста Переяслав-Хмельницький, Ржищів, Богуславський, Кагарлицький, Миронівський, Рокитнянський райони",FALSE,,
Київська область,95,"місто Васильків, Васильківський, Обухівський райони",94,"міста Васильків, Обухів, Васильківський, Обухівський райони",TRUE,,
Київська область,96,"міста Буча, Ірпінь, Києво-Святошинський район",95,"місто Ірпінь, частина Києво-Святошинського району (виборчі дільниці № 320559 – 320561, 320563 – 320577, 320583 – 320596, 320599 –320606, 320610, 320611, 320615, 320616, 320619 – 320623, 320625 – 320627, 320641, 320643, 320644)",FALSE,,
Київська область,97,"Бородянський, Вишгородський, Іванківський, Поліський райони",96,"міста Буча, Славутич, Бородянський, Вишгородський, Іванківський, Поліський райони",FALSE,,
Київська область,98,"міста Березань, Бровари, Славутич, Баришівський, Броварський райони",97,"міста Березань, Бровари, Баришівський район, частина Броварського району (виборчі дільниці № 320226 – 320250, 320253 – 320268, 320269 – 320272, 320276, 320277)",FALSE,,
Київська область,99,"міста Бориспіль, Переяслав-Хмельницький, Бориспільський, Згурівський, Переяслав-Хмельницький, Яготинський райони",98,"місто Бориспіль, Бориспільський, Згурівський, Переяслав-Хмельницький, Яготинський райони, частина Броварського району (виборчі дільниці № 320251, 320252, 320273 – 320275)",TRUE,,
Кіровоградська область,100,місто Кіровоград,99,"частина Кіровського (виборчі дільниці № 350814 – 350869, 350874, 350875, 350882 – 350890), частина Ленінського (виборчі дільниці № 350894 – 350936) районів міста Кіровограда        ",FALSE,,
Кіровоградська область,101,"Бобринецький, Кіровоградський, Компаніївський, Маловисківський, Новоукраїнський, Устинівський райони",100,"частина Кіровського (виборчі дільниці № 350876 – 350881), частина Ленінського (виборчі дільниці № 350892, 350893) районів міста Кіровограда, Бобринецький, Вільшанський, Добровеличківський, Кіровоградський, Компаніївський, Новоукраїнський райони, смт Нове Кіровоградської міської ради (виборчі дільниці № 350870 – 350873, 350891)",FALSE,,
Кіровоградська область,102,"Вільшанський, Гайворонський, Голованівський, Добровеличківський, Новоархангельський, Ульяновський райони",101,"Гайворонський, Голованівський, Маловисківський, Новоархангельський, Новомиргородський, Ульяновський райони",FALSE,,
Кіровоградська область,103,"міста Знам'янка, Світловодськ, Знам'янський, Новомиргородський, Олександрівський, Онуфріївський, Світловодський райони",102,"міста Знам’янка, Світловодськ, Знам’янський, Новгородківський, Олександрівський, Онуфріївський, Світловодський райони",TRUE,,
Кіровоградська область,104,"місто Олександрія, Долинський, Новгородківський, Олександрійський, Петрівський райони",103,"місто Олександрія, Долинський, Олександрійський, Петрівський, Устинівський райони",TRUE,,
Луганська область,105,"Артемівський, Кам'янобрідський райони в місті Луганську",104,"Артемівський район, частина Кам’янобрідського району міста Луганська (виборчі дільниці № 441414 – 441418, 441433), частина Лутугинського району (виборчі дільниці № 440170 – 440178, 440186 – 440198, 440201 – 440203, 440206 – 440215)",FALSE,,
Луганська область,106,Жовтневий район у місті Луганську,105,"Жовтневий район, частина Кам’янобрідського району міста Луганська (виборчі дільниці № 441419 – 441432)",FALSE,,
Луганська область,107,"міста Алчевськ, Брянка (з населеними пунктами Брянківської міської ради)",110,"міста Алчевськ, Антрацит, частина Антрацитівського (виборчі дільниці № 440009 – 440013, 440015 – 440020, 440028), частина Лутугинського (виборчі дільниці № 440179 – 440185, 440199, 440200, 440204, 440205) районів",FALSE,,
Луганська область,108,"Краснодонський район, місто Краснодон (з населеними пунктами Краснодонської міської ради), Ленінський район у місті Луганську",109,"місто Краснодон, Ленінський район міста Луганська, Краснодонський район",FALSE,,
Луганська область,109,"Перевальський район, місто Красний Луч (з населеними пунктами Краснолуцької міської ради)",108,"місто Красний Луч, Перевальський район",TRUE,,
Луганська область,110,"Попаснянський район, міста Кіровськ (з населеними пунктами Кіровської міської ради), Лисичанськ (з населеними пунктами Лисичанської міської ради)",107,"місто Лисичанськ, частина міста Стаханова (виборчі дільниці № 441233 – 441248, 441252 – 441257), частина міста Первомайська (виборчі дільниці № 440975 – 440980, 440987, 440988), частина Попаснянського району (виборчі дільниці № 440381 – 440392, 440422, 440423)",FALSE,,
Луганська область,111,"Антрацитівський, Лутугінський райони, місто Антрацит",110,"міста Алчевськ, Антрацит, частина Антрацитівського (виборчі дільниці № 440009 – 440013, 440015 – 440020, 440028), частина Лутугинського (виборчі дільниці № 440179 – 440185, 440199, 440200, 440204, 440205) районів",FALSE,,
Луганська область,112,"Свердловський район, міста Свердловськ (з населеними пунктами Свердловської міської ради), Ровеньки (з населеними пунктами Ровеньківської міської ради)",111,"міста Свердловськ, Ровеньки, частина Антрацитівського району (виборчі дільниці № 440001 – 440008, 440014, 440021 – 440027, 440029 –440034)",TRUE,,
Луганська область,113,"міста Рубіжне, Сєвєродонецьк (з населеними пунктами Сєвєродонецької міської ради)",106,"місто Сєвєродонецьк, частина міста Стаханова (виборчі дільниці № 441212 – 441232, 441249 – 441251, 441258 – 441262), частина Попаснянського району (виборчі дільниці № 440393 – 440421, 440424)",FALSE,,
Луганська область,114,"Біловодський, Марківський, Міловський, Новопсковський, Слов'яносербський, Станично-Луганський райони",114,"Біловодський, Марківський, Міловський, Новопсковський, Слов’яносербський, Станично-Луганський райони",TRUE,,
Луганська область,115,"Білокуракінський, Кремінський, Новоайдарський, Сватівський, Старобільський, Троїцький райони",113,"Білокуракинський, Кремінський, Новоайдарський, Сватівський, Старобільський, Троїцький райони",TRUE,,
Львівська область,116,"міста Первомайськ (з населеними пунктами Первомайської міської ради), Стаханов (з населеними пунктами Стахановської міської ради)",112,"міста Рубіжне, Кіровськ, Брянка, частина міста Первомайська (виборчі дільниці № 440981 – 440986, 440989 – 441015)",FALSE,,
Львівська область,117,"Галицький, Залізничний райони в місті Львові",116,"Залізничний район, частина Шевченківського району міста Львова (виборчі дільниці № 462109 – 462113, 462119 – 462129, 462137 –462150)",FALSE,,
Львівська область,118,Сихівський район в місті Львові,115,"Сихівський район, частина Личаківського району міста Львова (виборчі дільниці № 461925 – 461928, 461931, 461935, 461936, 461940 – 461942, 461947 – 461950, 461954 – 461959, 461962 – 461975)",FALSE,,
Львівська область,119,Франківський район у місті Львові,117,"Галицький, Франківський райони, частина Шевченківського району міста Львова (виборчі дільниці № 462130 – 462136)",FALSE,,
Львівська область,120,"Личаківський, Шевченківський райони в місті Львові",118,"частина Личаківського (виборчі дільниці № 461929, 461930, 461932 – 461934, 461937 – 461939, 461943 – 461946, 461951 – 461953, 461960, 461961), частина Шевченківського (виборчі дільниці № 462095 – 462108, 462114 – 462118, 462151, 462152) районів міста Львова, Пустомитівський район",FALSE,,
Львівська область,121,"Радехівський, Сокальський райони, місто Червоноград",124,"місто Червоноград, Сокальський район, частина Кам’янка-Бузького району (виборчі дільниці № 460619 – 460621, 460624, 460644 –460648, 460654 – 460657, 460659 – 460662, 460665 – 460669)",FALSE,,
Львівська область,122,"Жовківський, Кам'янка-Бузький райони",122,"Жовківський, Яворівський райони",FALSE,,
Львівська область,123,"Бродівський, Буський, Золочівський, Перемишлянський райони",119,"Бродівський, Буський, Радехівський райони, частина Кам’янка-Бузького району (виборчі дільниці № 460614 – 460618, 460622, 460623, 460625 – 460643, 460649 – 460653, 460658, 460663, 460664, 460670 – 460679)",FALSE,,
Львівська область,124,"Городоцький, Мостиський, Яворівський райони",120,"Городоцький, Мостиський райони, частина Самбірського району (виборчі дільниці № 461059 – 461136, 461140 – 461147)",FALSE,,
Львівська область,125,"Миколаївський, Пустомитівський райони, місто Новий Розділ",123,"місто Новий Розділ, Золочівський, Миколаївський, Перемишлянський райони",FALSE,,
Львівська область,126,"Самбірський, Старосамбірський, Турківський райони, місто Самбір",125,"місто Самбір, Сколівський, Старосамбірський, Турківський райони, частина Самбірського району (виборчі дільниці № 461137 – 461139)",TRUE,,
Львівська область,127,"Дрогобицький район, міста Борислав, Дрогобич, Трускавець",121,"міста Борислав, Дрогобич, Трускавець, Дрогобицький район",FALSE,,
Львівська область,128,"міста Моршин, Стрий, Жидачівський, Сколівський, Стрийський райони",126,"міста Моршин, Стрий, Жидачівський, Стрийський райони",FALSE,,
Миколаївська область,129,"Заводський, Центральний райони в місті Миколаєві",129,"Центральний район міста Миколаєва, Жовтневий район",TRUE,,
Миколаївська область,130,"Корабельний, Ленінський райони в місті Миколаєві",128,"Ленінський, Корабельний райони міста Миколаєва",TRUE,,
Миколаївська область,131,"Баштанський, Березнегуватський, Жовтневий, Казанківський, Новобузький, Снігурівський райони",130,"Баштанський, Березнегуватський, Казанківський, Новобузький, Новоодеський, Снігурівський райони",TRUE,,
Миколаївська область,132,"Березанський, Веселинівський, Миколаївський, Новоодеський, Очаківський райони, місто Очаків",127,"місто Очаків, Заводський район міста Миколаєва, Миколаївський, Очаківський райони",FALSE,,
Миколаївська область,133,"Вознесенський, Врадіївський, Доманівський, Єланецький райони, міста Вознесенськ, Южноукраїнськ",131,"міста Вознесенськ, Южноукраїнськ, Березанський, Веселинівський, Вознесенський, Доманівський, Єланецький райони",FALSE,,
Миколаївська область,134,"Арбузинський, Братський, Кривоозерський, Первомайський райони, місто Первомайськ",132,"місто Первомайськ, Арбузинський, Братський, Врадіївський, Кривоозерський, Первомайський райони",FALSE,,
Одеська область,135,Київський район у місті Одесі,133,Київський район міста Одеси,FALSE,,
Одеська область,136,Малиновський район у місті Одесі,134,"частина Малиновського району міста Одеси (виборчі дільниці № 511159 –511218, 511220, 511222 – 511244)",TRUE,,
Одеська область,137,Приморський район у місті Одесі,135,Приморський район міста Одеси,FALSE,,
Одеська область,138,Суворовський район у місті Одесі,136,"частина Малиновського (виборчі дільниці № 511219, 511221), частина Суворовського (виборчі дільниці № 511340 – 511365, 511374 –511434) районів міста Одеси",FALSE,,
Одеська область,139,"місто Котовськ, Балтський, Кодимський, Котовський, Красноокнянський райони",137,"місто Котовськ, Балтський, Кодимський, Котовський, Красноокнянський, Савранський райони",FALSE,,
Одеська область,140,"Ананьївський, Великомихайлівський, Любашівський, Миколаївський, Савранський, Фрунзівський, Ширяївський райони",138,"Ананьївський, Березівський, Іванівський, Любашівський, Миколаївський, Ширяївський райони, частина Комінтернівського району (виборчі дільниці № 510473 – 510498, 510521, 510522)",FALSE,,
Одеська область,141,"місто Южне, Березівський, Іванівський, Комінтернівський, Роздільнянський райони",139,"місто Южне, частина Суворовського району міста Одеси (виборчі дільниці № 511366 – 511373), Великомихайлівський, Роздільнянський, Фрунзівський райони, частина Біляївського (виборчі дільниці № 510222, 510223, 510230, 510237, 510238, 510241 – 510243, 510246, 510248, 510249, 510252, 510257, 510263 – 510265, 510268, 510269, 510276, 510277), частина Комінтернівського (виборчі дільниці № 510499 – 510520, 510523) районів",FALSE,,
Одеська область,142,"Біляївський, Овідіопольський райони, міста Іллічівськ, Теплодар",140,"міста Іллічівськ, Теплодар, Овідіопольський район, частина Біляївського району (виборчі дільниці № 510224 – 510229, 510231 – 510236, 510239, 510240, 510244, 510245, 510247, 510250, 510251, 510253 – 510256, 510258 – 510262, 510266, 510267, 510270 – 510275, 510278 – 510282)",FALSE,,
Одеська область,143,"Білгород-Дністровський, Саратський, Татарбунарський райони, місто Білгород-Дністровський (з населеними пунктами Білгород-Дністровської міської ради)",141,"місто Білгород-Дністровський, Білгород-Дністровський, Татарбунарський райони, частина Кілійського району (виборчі дільниці № 510407 – 510423, 510425 – 510428, 510431, 510435, 510439, 510440)",FALSE,,
Одеська область,144,"Арцизький, Болградський, Ренійський, Тарутинський райони",142,"Арцизький, Саратський, Тарутинський райони, частина Болградського (виборчі дільниці № 510283 – 510290, 510296, 510298 –510315, 510317, 510318), частина Кілійського (виборчі дільниці № 510424, 510429, 510430, 510432 – 510434, 510436 – 510438) районів",FALSE,,
Одеська область,145,"Ізмаїльський, Кілійський райони, місто Ізмаїл",143,"місто Ізмаїл, Ізмаїльський, Ренійський райони, частина Болградського району (виборчі дільниці № 510291 – 510295, 510297, 510316)",FALSE,,
Полтавська область,146,"Київський, Ленінський райони в місті Полтаві",144,"Ленінський, Октябрський райони міста Полтави",FALSE,,
Полтавська область,147,"Полтавський район, Октябрський район у місті Полтаві",145,"Київський район міста Полтави, Котелевський, Полтавський райони",FALSE,,
Полтавська область,148,"Автозаводський, Крюківський райони в місті Кременчук",146,"частина Автозаводського району (виборчі дільниці № 531040 –531085, 531099, 531100), Крюківський район міста Кременчука",FALSE,,
Полтавська область,149,"Лубенський, Оржицький, Семенівський, Хорольський райони, місто Лубни",148,"місто Лубни, Великобагачанський, Оржицький, Семенівський, Хорольський райони, частина Лубенського району (виборчі дільниці № 530474 – 530494, 530504 – 530506, 530522 – 530531)",FALSE,,
Полтавська область,150,"Великобагачанський, Диканський, Зіньківський, Котелевський, Миргородський, Шишацький райони, місто Миргород",147,"місто Миргород, Диканський, Зіньківський, Миргородський, Решетилівський, Шишацький райони",FALSE,,
Полтавська область,151,"Глобинський, Козельщинський, Кременчуцький райони, місто Комсомольськ",150,"місто Комсомольськ, частина Автозаводського району міста Кременчука (виборчі дільниці № 531086 – 531098), Глобинський, Кременчуцький райони",FALSE,,
Полтавська область,152,"Карлівський, Кобеляцький, Машівський, Новосанжарський, Решетилівський, Чутівський райони",149,"Карлівський, Кобеляцький, Козельщинський, Машівський, Новосанжарський, Чутівський райони",FALSE,,
Полтавська область,153,"Гадяцький, Гребінківський, Лохвицький, Пирятинський, Чорнухинський райони",151,"Гадяцький, Гребінківський, Лохвицький, Пирятинський, Чорнухинський райони, частина Лубенського району (виборчі дільниці № 530495 – 530503, 530507 – 530521)",FALSE,,
Рівненська область,154,місто Рівне,152,"частина міста Рівного (виборчі дільниці № 560901 – 560974, 560984 – 561002)",FALSE,,
Рівненська область,155,"Гощанський, Корецький, Острозький, Рівненський райони, місто Острог",153,"місто Острог, частина міста Рівного (виборчі дільниці № 560975 – 560983), Гощанський, Корецький, Острозький, Рівненський райони",FALSE,,
Рівненська область,156,"Демидівський, Дубенський, Здолбунівський, Млинівський, Радивилівський райони, місто Дубно",154,"місто Дубно, Демидівський, Дубенський, Здолбунівський, Млинівський, Радивилівський райони",FALSE,,
Рівненська область,157,"Володимирецький, Дубровицький, Зарічненський, Рокитнівський райони, місто Кузнецовськ",155,"місто Кузнецовськ, Володимирецький, Дубровицький, Зарічненський, Рокитнівський райони",FALSE,,
Рівненська область,158,"Березнівський, Костопільський, Сарненський райони",156,"Березнівський, Костопільський, Сарненський райони",FALSE,,
Сумська область,159,"Зарічний, Ковпаківський райони в місті Сумах",158,"частина Зарічного району міста Сум (виборчі дільниці № 590896 – 590925, 590944 – 590946), Білопільський, Краснопільський, Сумський райони",,,
Сумська область,159,"Зарічний, Ковпаківський райони в місті Сумах",157,"Ковпаківський район, частина Зарічного району міста Сум (виборчі дільниці № 590884 – 590895, 590926 – 590943, 591015), село Піщане Сумської міської ради з населеними пунктами Піщанської сільської ради",FALSE,,
Сумська область,160,"Білопільський, Лебединський, Сумський райони, місто Лебедин",162,"міста Лебедин, Охтирка, Великописарівський, Лебединський, Охтирський, Тростянецький райони",FALSE,,
Сумська область,161,"Глухівський, Середино-Будський, Шосткинський, Ямпільський райони, міста Глухів, Шостка",159,"місто Глухів, Глухівський, Путивльський, Середино-Будський, Ямпільський райони, частина Кролевецького (виборчі дільниці № 590260 –590274, 590276 – 590278, 590280, 590282 – 590284, 590287, 590288, 590291, 590295 – 590299), частина Конотопського (виборчі дільниці № 590176, 590177, 590181 – 590183, 590185, 590186, 590188, 590190 – 590192, 590196 –590198, 590210, 590213), частина Шосткінського (виборчі дільниці № 590679 – 590688, 590694 – 590699) районів",FALSE,,
Сумська область,162,"Конотопський, Кролевецький, Путивльський райони, місто Конотоп",160,"міста Конотоп, Шостка, частина Конотопського (виборчі дільниці № 590179, 590180, 590200, 590207, 590208), частина Кролевецького (виборчі дільниці № 590275, 590279, 590281, 590285, 590286, 590289, 590290, 590292 – 590294), частина Шосткінського (виборчі дільниці № 590675 –590678, 590689 – 590693, 590700 – 590703) районів",FALSE,,
Сумська область,163,"Буринський, Липоводолинський, Недригайлівський, Роменський райони, місто Ромни",161,"місто Ромни, Буринський, Липоводолинський, Недригайлівський, Роменський райони, частина Конотопського району (виборчі дільниці № 590172 – 590175, 590178, 590184, 590187, 590189, 590193 – 590195, 590199, 590201 – 590206, 590209, 590211, 590212, 590214 –590218)",FALSE,,
Сумська область,164,"Великописарівський, Краснопільський, Охтирський, Тростянецький райони, місто Охтирка",162,"міста Лебедин, Охтирка, Великописарівський, Лебединський, Охтирський, Тростянецький райони",FALSE,,
Тернопільська область,165,місто Тернопіль,163,частина міста Тернополя (виборчі дільниці № 611096 – 611181),FALSE,,
Тернопільська область,166,"Збаразький, Кременецький, Лановецький, Підволочиський, Шумський райони",164,"Збаразький, Лановецький, Підволочиський, Шумський райони, частина Кременецького району (виборчі дільниці № 610544 – 610552, 610554 – 610587, 610591, 610592, 610596 – 610604, 610607, 610609, 610610, 610613 – 610616)",FALSE,,
Тернопільська область,167,"Бережанський, Зборівський, Козівський, Підгаєцький, Тернопільський райони",165,"частина міста Тернополя (виборчі дільниці № 611092 – 611095), Бережанський, Зборівський, Козівський, Підгаєцький, Тернопільський райони, частина Кременецького району (виборчі дільниці № 610542, 610543, 610553, 610588 – 610590, 610593 – 610595, 610605, 610606, 610608, 610611, 610612)",FALSE,,
Тернопільська область,168,"Бучацький, Гусятинський, Монастириський, Теребовлянський райони",166,"Бучацький, Гусятинський, Монастириський, Теребовлянський райони",TRUE,,
Тернопільська область,169,"Борщівський, Заліщицький, Чортківський райони",167,"Борщівський, Заліщицький, Чортківський райони",TRUE,,
Харківська область,170,Дзержинський район у місті Харкові,168,Дзержинський район міста Харкова,TRUE,,
Харківська область,171,Київський район у місті Харкові,169,"Київський район, частина Московського району міста Харкова (виборчі дільниці № 631415 – 631421, 631481 – 631484, 631525 – 631527)",FALSE,,
Харківська область,172,Московський район у місті Харкові,170,"частина Московського району міста Харкова (виборчі дільниці № 631422 – 631446, 631451 – 631461, 631467 – 631480, 631485 – 631492, 631506 – 631524, 631528 – 631532)",FALSE,,
Харківська область,173,"Ленінський, Фрунзенський райони в місті Харкові",171,"Фрунзенський район, частина Комінтернівського (виборчі дільниці № 631354 – 631372), частина Орджонікідзевського (виборчі дільниці № 631533 – 631536) районів міста Харкова",FALSE,,
Харківська область,176,"Жовтневий, Червонозаводський райони в місті Харкові",174,"Жовтневий, Ленінський райони міста Харкова",,,
Харківська область,174,Орджонікідзевський район у місті Харкові,172,"частина Московського (виборчі дільниці № 631447 – 631450, 631462 – 631466, 631493 – 631505), частина Орджонікідзевського (виборчі дільниці № 631537 – 631590) районів міста Харкова",FALSE,,
Харківська область,175,Комінтернівський район у місті Харкові,173,"Червонозаводський район, частина Комінтернівського району міста Харкова (виборчі дільниці № 631316 – 631353, 631373 – 631375, 631689)",FALSE,,
Харківська область,176,"Жовтневий, Червонозаводський райони в місті Харкові",173,"Червонозаводський район, частина Комінтернівського району міста Харкова (виборчі дільниці № 631316 – 631353, 631373 – 631375, 631689)",FALSE,,
Харківська область,177,"Богодухівський, Дергачівський, Золочівський, Краснокутський райони",180,"Богодухівський, Валківський, Золочівський, Коломацький, Краснокутський, Нововодолазький райони, частина Харківського району (виборчі дільниці № 630820 – 630822)",FALSE,,
Харківська область,178,"Великобурлуцький, Вовчанський, Дворічанський, Печенізький, Чугуївський райони, місто Чугуїв",176,"місто Чугуїв, Великобурлуцький, Вовчанський, Дворічанський, Печенізький, Чугуївський райони",TRUE,,
Харківська область,179,"Борівський, Ізюмський, Куп'янський, Шевченківський райони, міста Ізюм, Куп'янськ",177,"міста Ізюм, Куп’янськ, Борівський, Ізюмський, Куп’янський, Шевченківський райони",FALSE,,
Харківська область,181,"Близнюківський, Лозівський, Первомайський, Сахновщинський райони, міста Лозова, Первомайський",179,"місто Лозова, Зачепилівський, Кегичівський, Красноградський, Лозівський, Сахновщинський райони",,,
Харківська область,180,"Балаклійський, Барвінківський, Зміївський райони",181,"Зміївський район, частина Харківського району (виборчі дільниці № 630779 – 630809, 630823 – 630828, 630832, 630837 – 630839, 630846, 630847, 630860 – 630873, 630880, 630882, 630883)",FALSE,,
Харківська область,181,"Близнюківський, Лозівський, Первомайський, Сахновщинський райони, міста Лозова, Первомайський",178,"місто Первомайський, Балаклійський, Барвінківський, Близнюківський, Первомайський райони",FALSE,,
Харківська область,182,"Валківський, Зачепилівський, Кегичівський, Коломацький, Красноградський, Нововодолазький райони",180,"Богодухівський, Валківський, Золочівський, Коломацький, Краснокутський, Нововодолазький райони, частина Харківського району (виборчі дільниці № 630820 – 630822)",FALSE,,
Харківська область,183,"Харківський район, місто Люботин",175,"місто Люботин, Дергачівський район, частина Харківського району (виборчі дільниці № 630810 – 630819, 630829 – 630831, 630833 –630836, 630840 – 630845, 630848 – 630859, 630874 – 630879, 630881)",FALSE,,
Херсонська область,184,"Білозерський район, Комсомольський район у місті Херсоні (з населеними пунктами Комсомольської районної в місті Херсоні ради)",183,"Комсомольський район, частина Дніпровського (виборчі дільниці № 650654 – 650661, 650671), частина Суворовського (виборчі дільниці № 650769 – 650772) районів міста Херсона з населеними пунктами Дніпровської, Суворовської та Комсомольської районних у місті Херсоні рад, Білозерський район.",FALSE,,
Херсонська область,185,"Дніпровський, Суворовський райони в місті Херсоні (з населеними пунктами Дніпровської та Суворовської районних у місті Херсоні рад)",182,"частина Дніпровського (виборчі дільниці № 650622 – 650653, 650662 – 650670), частина Суворовського (виборчі дільниці № 650726 – 650768, 650773 – 650782) районів міста Херсона з населеними пунктами Дніпровської та Суворовської районних у місті Херсоні рад",FALSE,,
Херсонська область,186,"Бериславський, Великоолександрівський, Високопільський, Нововоронцовський райони, місто Нова Каховка (з населеними пунктами Новокаховської міської ради)",184,"місто Нова Каховка з населеними пунктами Новокаховської міської ради, Бериславський, Великолепетиський, Великоолександрівський, Високопільський, Горностаївський, Нововоронцовський райони",FALSE,,
Херсонська область,187,"Голопристанський, Каланчацький, Скадовський, Цюрупинський райони",186,"Голопристанський, Каланчацький, Скадовський, Цюрупинський райони, частина Чаплинського району (виборчі дільниці № 650539 – 650543, 650547, 650549 – 650561)",FALSE,,
Херсонська область,188,"Великолепетиський, Верхньорогачицький, Горностаївський, Каховський, Нижньосірогозький, райони, місто Каховка",185,"місто Каховка, Верхньорогачицький, Генічеський, Іванівський, Каховський, Нижньосірогозький, Новотроїцький райони, частина Чаплинського району (виборчі дільниці № 650534 – 650538, 650544 – 650546, 650548, 650562, 650563).",FALSE,,
Херсонська область,189,"Генічеський, Іванівський, Новотроїцький, Чаплинський райони",185,"місто Каховка, Верхньорогачицький, Генічеський, Іванівський, Каховський, Нижньосірогозький, Новотроїцький райони, частина Чаплинського району (виборчі дільниці № 650534 – 650538, 650544 – 650546, 650548, 650562, 650563).",FALSE,,
Хмельницька область,190,місто Хмельницький,188,"частина міста Хмельницького (виборчі дільниці № 681427 –681454), Волочиський, Хмельницький райони",,,
Хмельницька область,190,місто Хмельницький,187,частина міста Хмельницького (виборчі дільниці № 681455 –681536),FALSE,,
Хмельницька область,191,"Білогірський, Волочиський, Ізяславський, Теофіпольський райони",189,"місто Нетішин, Білогірський, Ізяславський, Красилівський, Теофіпольський райони",FALSE,,
Хмельницька область,195,"міста Нетішин, Славута, Шепетівка, Славутський, Шепетівський райони",190,"міста Славута, Шепетівка, Полонський, Славутський, Шепетівський райони",,,
Хмельницька область,192,"Деражнянський, Летичівський, Старосинявський, Хмельницький, Ярмолинецький райони",192,"Городоцький, Дунаєвецький, Чемеровецький, Ярмолинецький райони",FALSE,,
Хмельницька область,193,"місто Кам'янець-Подільський, Кам'янець-Подільський, Чемеровецький райони",193,"місто Кам’янець-Подільський, Кам’янець-Подільський, Новоушицький райони",FALSE,,
Хмельницька область,194,"Віньковецький, Городоцький, Дунаєвецький, Новоушицький райони",192,"Городоцький, Дунаєвецький, Чемеровецький, Ярмолинецький райони",FALSE,,
Хмельницька область,195,"міста Нетішин, Славута, Шепетівка, Славутський, Шепетівський райони",189,"місто Нетішин, Білогірський, Ізяславський, Красилівський, Теофіпольський райони",FALSE,,
Хмельницька область,196,"місто Старокостянтинів, Красилівський, Полонський, Старокостянтинівський райони",191,"місто Старокостянтинів, Віньковецький, Деражнянський, Летичівський, Старокостянтинівський, Старосинявський райони",FALSE,,
Черкаська область,197,"Черкаський район, Придніпровський район у місті Черкасах",194,"Придніпровський район, частина Соснівського району міста Черкас (виборчі дільниці № 711039 – 711042, 711044, 711049, 711080 –711100)",FALSE,,
Черкаська область,198,Соснівський район у місті Черкасах,195,"частина Соснівського району міста Черкас (виборчі дільниці № 711043, 711045 – 711048, 711050 – 711067, 711074 – 711079), Драбівський, Чигиринський, Чорнобаївський райони",FALSE,,
Черкаська область,199,"Городищенський, Корсунь-Шевченківський, Лисянський, Шполянський райони",196,"Городищенський, Катеринопільський, Корсунь-Шевченківський, Шполянський райони, частина Канівського (виборчі дільниці № 710263, 710266, 710274, 710280 – 710285, 710287, 710289 –710291, 710298 – 710303), частина Лисянського (виборчі дільниці № 710403, 710404, 710411, 710412, 710420, 710421, 710433), частина Тальнівського (виборчі дільниці № 710563 – 710565, 710567, 710569 – 710579, 710582 –710585, 710587 – 710590, 710593 – 710597) районів",FALSE,,
Черкаська область,200,"Драбівський, Золотоніський, Канівський, Чорнобаївський райони, міста Золотоноша, Канів",197,"міста Золотоноша, Канів, частина Соснівського району міста Черкас (виборчі дільниці № 711030 – 711038, 711068 – 711073), Золотоніський район, частина Канівського (виборчі дільниці № 710264, 710265, 710267 –710273, 710275 – 710279, 710286, 710288, 710292 – 710297, 710304 – 710309), частина Черкаського (виборчі дільниці № 710691, 710696, 710697, 710700, 710701, 710706, 710709, 710710, 710711 – 710713, 710716 – 710719, 710722 –710725, 710735, 710736) районів",FALSE,,
Черкаська область,201,"місто Сміла, Кам'янський, Смілянський, Чигиринський райони",198,"місто Сміла, Кам’янський, Смілянський райони, частина Черкаського району (виборчі дільниці № 710690, 710692 – 710695, 710698, 710699, 710702 – 710705, 710707, 710708, 710714, 710715, 710720, 710721, 710726 – 710734, 710737)",FALSE,,
Черкаська область,202,"місто Ватутіне, Жашківський, Звенигородський, Катеринопільський, Маньківський, Тальнівський райони",199,"місто Ватутіне, Жашківський, Звенигородський, Маньківський райони, частина Лисянського (виборчі дільниці № 710397 – 710402, 710405 –710410, 710413 – 710419, 710422 – 710432, 710434, 710435), частина Тальнівського (виборчі дільниці № 710548 – 710562, 710568, 710580, 710586, 710591, 710592) районів",FALSE,,
Черкаська область,203,"місто Умань, Монастирищенський, Уманський, Христинівський райони",200,"місто Умань, Монастирищенський, Уманський, Христинівський райони, частина Тальнівського району (виборчі дільниці № 710566, 710581)",FALSE,,
Чернівецька область,204,місто Чернівці,203,"частина Садгірського району міста Чернівців (виборчі дільниці № 730481 – 730486), Герцаївський, Глибоцький, Новоселицький райони, частина Сторожинецького району (виборчі дільниці № 730352 – 730354, 730362, 730363, 730367, 730376, 730377, 730379, 730380, 730388, 730389)",,,
Чернівецька область,204,місто Чернівці,201,"Першотравневий, Шевченківський райони, частина Садгірського району міста Чернівців (виборчі дільниці № 730480, 730487 –730492)",FALSE,,
Чернівецька область,205,"Сторожинецький, Вижницький, Кіцманський, Путильський райони",202,"Вижницький, Кіцманський, Путильський райони, частина Сторожинецького району (виборчі дільниці № 730338 – 730351, 730355 –730361, 730364 – 730366, 730368 – 730375, 730378, 730381 – 730387, 730390 –730394)",FALSE,,
Чернівецька область,206,"Герцаївський, Глибоцький, Новоселицький райони",206,"частина Новозаводського району міста Чернігова (виборчі дільниці № 741061 – 741085, 741087 – 741095, 741100 – 741108), Ріпкинський, Чернігівський райони",FALSE,,
Чернівецька область,207,"місто Новодністровськ, Хотинський, Заставнівський, Сокирянський, Кельменецький райони",204,"місто Новодністровськ, Заставнівський, Кельменецький, Сокирянський, Хотинський райони",FALSE,,
Чернігівська область,208,"Деснянський, Новозаводський райони в місті Чернігові",205,"Деснянський район, частина Новозаводського району міста Чернігова (виборчі дільниці № 741086, 741096 – 741099)",FALSE,,
Чернігівська область,209,"Городнянський, Ріпкинський, Чернігівський, Щорський райони",207,"Городнянський, Коропський, Корюківський, Новгород-Сіверський, Семенівський, Сосницький, Щорський райони",FALSE,,
Чернігівська область,210,"Бобровицький, Козелецький, Куликівський, Носівський райони",210,"місто Прилуки, Бобровицький, Козелецький, Прилуцький райони",FALSE,,
Чернігівська область,211,"місто Ніжин, Бахмацький, Борзнянський, Ніжинський райони",209,"місто Ніжин, Варвинський, Ніжинський, Носівський, Срібнянський райони, частина Ічнянського району (виборчі дільниці № 740202, 740203, 740205 – 740207, 740210 – 740214, 740216, 740217, 740219, 740220, 740222 – 740224, 740226, 740227, 740229, 740230, 740233, 740234, 740237, 740238)",FALSE,,
Чернігівська область,212,"місто Прилуки, Варвинський, Ічнянський, Прилуцький, Срібнянський, Талалаївський райони",210,"місто Прилуки, Бобровицький, Козелецький, Прилуцький райони",FALSE,,
Чернігівська область,213,"Коропський, Корюківський, Менський, Новгород-Сіверський, Семенівський, Сосницький райони",208,"Бахмацький, Борзнянський, Куликівський, Менський, Талалаївський райони, частина Ічнянського району (виборчі дільниці № 740197 – 740201, 740204, 740208, 740209, 740215, 740218, 740221, 740225, 740228, 740231, 740232, 740235, 740236, 740239, 740240)",FALSE,,
м.Київ область,216,Деснянський район у місті Києві,213,"частина Деснянського району міста Києва (виборчі дільниці № 800215 – 800227, 800236 – 800243, 800254 – 800270, 800273 – 800304, 801068 – 801070)",,,
м.Київ область,214,Голосіївський район у місті Києві,211,Голосіївський район міста Києва,FALSE,,
м.Київ область,215,Дарницький район у місті Києві,215,"частина Деснянського (виборчі дільниці № 800228 – 800235, 800244 – 800253, 800271, 800272, 800305 – 800341), частина Дніпровського (виборчі дільниці № 800342 – 800349, 800354 – 800365, 800367, 800368) районів міста Києва",FALSE,,
м.Київ область,216,Деснянський район у місті Києві,212,"частина Дарницького району міста Києва (виборчі дільниці № 800086 – 800156, 800205 – 800214)",FALSE,,
м.Київ область,215,Дарницький район у місті Києві,216,"частина Дарницького (виборчі дільниці № 800157 – 800204), частина Дніпровського (виборчі дільниці № 800408 – 800430, 800435 –800437) районів міста Києва",,,
м.Київ область,217,Дніпровський район у місті Києві,214,"частина Дніпровського району міста Києва (виборчі дільниці № 800350 – 800353, 800366, 800369 – 800407, 800431 – 800434, 800438 – 800470)",FALSE,,
м.Київ область,218,Оболонський район у місті Києві,217,"частина Оболонського району міста Києва (виборчі дільниці № 800471 –800547, 800577, 800578)",FALSE,,
м.Київ область,218,Оболонський район у місті Києві,218,"частина Оболонського (виборчі дільниці № 800548 – 800576, 800579 – 800582), частина Святошинського (виборчі дільниці № 800781 –800822) районів міста Києва",,,
м.Київ область,219,Печерський район у місті Києві,221,"Печерський район, частина Солом’янського (виборчі дільниці № 800828 – 800843, 800850, 800851, 800865, 800869 – 800871, 800873, 800877 – 800885, 800887 – 800891, 800950 – 800956, 800958, 800959), частина Шевченківського (виборчі дільниці № 800960 – 800964, 800966, 800967, 800975) районів міста Києва",FALSE,,
м.Київ область,220,Подільський район у місті Києві,220,Подільський район міста Києва,FALSE,,
м.Київ область,221,Святошинський район у місті Києві,219,"частина Святошинського району міста Києва (виборчі дільниці № 800702 –800780, 800823 – 800827)",FALSE,,
м.Київ область,222,Солом'янський район у місті Києві,222,"частина Солом’янського району міста Києва (виборчі дільниці № 800844 –800849, 800852 – 800864, 800866 – 800868, 800872, 800874 –800876, 800886, 800892 – 800949, 800957)",FALSE,,
м.Київ область,223,Шевченківський район у місті Києві,223,"частина Шевченківського району міста Києва (виборчі дільниці № 800965, 800968 – 800974, 800976 – 801066)",FALSE,,
Севастополь область,224,"Балаклавський, Гагарінський райони в місті Севастополі (з населеними пунктами Балаклавської районної в місті Севастополі ради)",224,"Балаклавський район з населеними пунктами Балаклавської районної у місті Севастополі ради, Гагарінський район, частина Ленінського району міста Севастополя (виборчі дільниці № 850120 – 850122, 850131– 850135)",FALSE,,
Севастополь область,225,"Ленінський, Нахімовський райони в місті Севастополі (з населеними пунктами Нахімовської районної в місті Севастополі ради)",225,"Нахімовський район з населеними пунктами Нахімовської районної у місті Севастополі ради, частина Ленінського району міста Севастополя (виборчі дільниці № 850088 – 850119, 850123 – 850130, 850136 –850144)",FALSE,,